Workbook

Sheet CONTROLE
A1: Basta subsitituir os rsultados de cada região do BLUES nas abas Brasil_IND_REGIAO
A2: Aba AdvBioFuels faz cálculos relacionados à biomcombustíveis avançados
A3: Energia Final_MSG e Emisões MSG são as planilhas que agregam as informações do BLUES. Elas que devem ser checadas para garantir que estão pegando os dados do BLUES de forma correta
A5: INDICAÇÕES
A6: VA | B6: Copiar e colar novos os valores de VA enviados por FIPE na aba VA. A planilha COEF atualizará-se automáticamente
A7: COEF | B7: Calculados em função da aba VA e da aba WIOT BR 2009
A8: ENERGIA FINAL_MSG | B8: Desagregação de valores por atividade da FIPE, a partir dos resultados do MESSAGE
A9: EMISSÕES_MSG | B9: Desagregação de valores por atividade da FIPE, a partir dos resultados do MESSAGE
A10: INDICADOR ENERGIA FINAL | B10: Calculados em função da aba VA e ENERGIA FINAL | F10: > Esses vão para FIPE
A11: INDICADOR EMISSÕES | B11: Calculados em função da aba VA e EMISSÕES | F11: > Esses vão para FIPE
A16: EQUIVALÊNCIAS
A18: 1 | B18: MWyr | C18: igual a | D18: 8760 | E18: MWh
D19: =$D$18*1000*(8.598*10^(-5))/1000 -> 0.7531848 | E19: ktep
A21: 1 | B21: ktep | C21: igual a | D21: =1/D19 -> 1.3276954 | E21: MWyr
A24: 1 | B24: t de bagaço | C24: igual a | D24: 0.213 | E24: tep
A25: 1 | B25: kt de bagaço | C25: igual a | D25: =$D$24*1000 -> 213 | E25: tep
D26: =D25/1000 -> 0.213 | E26: ktep
A30: Considerações para o projeto Pernambuco-GIZ (Ago/2021)
A31: Setores
A32: Serviços | B32: Todos os serviços têm a mesma intensidade energética, dado que não temos discretização no BLUES
A33: Transportes | B33: Retiramos os veículos particulares (carros e motos), e deixamos o restante
A34: Fabricação de biocombustíveis | B34: Alocação das emissões negativas obtidas na produção de biocombustíveis aqui
A35: Indústria | B35: Foi feita pelo Régis Rathmann, exogenamente a essa planilha
A38: Combustíveis
A39: Combustíveis avançados: | B39: Alocados em "Outros (liquor negro, biodiesel, nuclear)"
A40: Biomassa primária | B40: Alocada em "Lenha"
A42: Planilhas
A43: AdvBioFuels | B43: Calcula o FE ponderados dos biocombustíveis avançados, a porcentagem de biocombustíveis avançados em relação ao total, o consumo e emissão dos setores de transportes do EFES.
A44: Brasil_Emissions | B44: Recalcula as emissões setoriais da região Brasil com os novos FE da planilha AdvBioFuels
A47: ToDo:
A48: Descontar o combustível dos veículos híbridos particulares (carros). Nessa versão não está entrando, então não descontei.

Sheet VA
A1: No. Atividades | C1: Classes e atividades MESSAGE | E1: Valor adicionado R$ Milhões de 2013
E2: 2010 | F2: =E2+5 -> 2015 | G2: =F2+5 -> 2020 | H2: =G2+5 -> 2025 | I2: =H2+5 -> 2030 | J2: =I2+5 -> 2035 | K2: =J2+5 -> 2040 | L2: =K2+5 -> 2045 | M2: =L2+5 -> 2050
A4: 1 | B4: Agricultura, silvicultura, exploração florestal | C4: AGR | D4: Agriculture | F4: 189451.26 | G4: 190862.2 | H4: 214360.92 | I4: 236542.4 | J4: 259823.12 | K4: 282284.05 | L4: 307161.28 | M4: 334345.94
A5: =A4+1 -> 2 | B5: Pecuária, inclusive o apoio à pecuária | C5: AGR | D5: Agriculture | F5: 83846.245 | G5: 80597.153 | H5: 90124.705 | I5: 98545.619 | J5: 107041.94 | K5: 114737.18 | L5: 123147.25 | M5: 132144.17
A6: =A5+1 -> 3 | B6: Produção florestal; pesca e aquicultura | C6: AGR | D6: Agriculture | F6: 27099.898 | G6: 26982.68 | H6: 30116.539 | I6: 33246.963 | J6: 36706.168 | K6: 40265.2 | L6: 44346.639 | M6: 48945.743
A7: =A6+1 -> 4 | B7: Extração de carvão mineral e de minerais não-metálicos | C7: OI | D7: Mining | F7: 10451.705 | G7: 9456.9822 | H7: 11687.898 | I7: 13374.586 | J7: 15083.99 | K7: 16763.017 | L7: 18626.955 | M7: 20675.887
A8: =A7+1 -> 5 | B8: Extração de petróleo e gás, inclusive as atividades de apoio | C8: OIL | D8: Oil and Gas | F8: 86826.567 | G8: 85441.509 | H8: 97123.482 | I8: 107932.32 | J8: 119563.49 | K8: 131262.75 | L8: 144612.58 | M8: 159652.41 | O8: 2010 | P8: =O8+5 -> 2015 | Q8: =P8+5 -> 2020 | R8: =Q8+5 -> 2025 | S8: =R8+5 -> 2030 | T8: =S8+5 -> 2035 | U8: =T8+5 -> 2040 | V8: =U8+5 -> 2045 | W8: =V8+5 -> 2050
A9: =A8+1 -> 6 | B9: Extração de minério de ferro, inclusive beneficiamentos e a aglomeração | C9: OI | D9: Mining | F9: 27778.203 | G9: 27822.256 | H9: 30862.657 | I9: 33689.719 | J9: 36603.6 | K9: 39335.91 | L9: 42292.064 | M9: 45450.766 | N9: Agriculture | P9: =SUMIFS(OFFSET(E2,2,(P$8-$O$8)/5,66,1),$D$4:$D$69,$N9) -> 300397.4
A10: =A9+1 -> 7 | B10: Extração de minerais metálicos não-ferrosos, inclusive beneficiamentos | C10: OI | D10: Mining | F10: 5539.5361 | G10: 5518.5979 | H10: 6409.3858 | I10: 7178.2564 | J10: 7967.5749 | K10: 8716.1638 | L10: 9538.32 | M10: 10426.933
A11: =A10+1 -> 8 | B11: Abate e produtos de carne, inclusive os produtos do laticínio e da pesca | C11: FB | D11: Food and Beverage | F11: 50931.506 | G11: 52547.769 | H11: 60495.511 | I11: 68814.728 | J11: 77886.696 | K11: 86984.474 | L11: 97283.968 | M11: 108763.66
A12: =A11+1 -> 9 | B12: Fabricação e refino de açúcar | C12: FB | D12: Food and Beverage | F12: 9352.2236 | G12: 9740.0835 | H12: 11618.539 | I12: 13333.615 | J12: 15143.316 | K12: 16924.563 | L12: 18920.516 | M12: 21125.466
A13: =A12+1 -> 10 | B13: Outros produtos alimentares | C13: FB | D13: Food and Beverage | F13: 58844.987 | G13: 59868.557 | H13: 68159.46 | I13: 76784.309 | J13: 86144.39 | K13: 95458.691 | L13: 105986.54 | M13: 117698.42
A14: =A13+1 -> 11 | B14: Fabricação de bebidas | C14: FB | D14: Food and Beverage | F14: 27585.282 | G14: 27518.762 | H14: 31101.671 | I14: 34733.358 | J14: 38642.179 | K14: 42510.904 | L14: 46888.353 | M14: 51761.406
A15: =A14+1 -> 12 | B15: Fabricação de produtos do fumo | C15: FB | D15: Food and Beverage | F15: 4904.7446 | G15: 4933.9533 | H15: 5631.7984 | I15: 6309.9033 | J15: 7043.7 | K15: 7783.9359 | L15: 8623.0833 | M15: 9561.2998
A16: =A15+1 -> 13 | B16: Fabricação de produtos têxteis | C16: TX | D16: Textile | F16: 16908.679 | G16: 16751.085 | H16: 19853.336 | I16: 23049.795 | J16: 26579.988 | K16: 30197.908 | L16: 34353.82 | M16: 39055.019
A17: =A16+1 -> 14 | B17: Confecção de artefatos do vestuário e acessórios | C17: TX | D17: Textile | F17: 30655.372 | G17: 31240.889 | H17: 36182.408 | I17: 41576.909 | J17: 47570.974 | K17: 53711.862 | L17: 60729.337 | M17: 68620.22
A18: =A17+1 -> 15 | B18: Fabricação de calçados e de artefatos de couro | C18: TX | D18: Textile | F18: 16111.08 | G18: 16352.381 | H18: 19019.71 | I18: 21631.993 | J18: 24430.52 | K18: 27198.461 | L18: 30322.072 | M18: 33788.522
A19: =A18+1 -> 16 | B19: Fabricação de produtos da madeira | C19: OI | D19: Other industries | F19: 11851.893 | G19: 11404.017 | H19: 13624.389 | I19: 15448.242 | J19: 17311.697 | K19: 19121.807 | L19: 21132.743 | M19: 23340.579
A20: =A19+1 -> 17 | B20: Fabricação de celulose, papel e produtos de papel | C20: OI | D20: Paper | F20: 27915.295 | G20: 27571.279 | H20: 31650.857 | I20: 35219.802 | J20: 38880.655 | K20: 42338.087 | L20: 46159.325 | M20: 50315.157
A21: =A20+1 -> 18 | B21: Impressão e reprodução de gravações | C21: OI | D21: Other industries | F21: 9723.8195 | G21: 8619.73 | H21: 9184.761 | I21: 9526.1691 | J21: 9809.129 | K21: 9966.6986 | L21: 10140.323 | M21: 10314.737
... A69: =A68+1 -> 66 | B69: Organizações associativas e outros serviços pessoais | C69: BL | D69: Buildings and services | F69: 153055.74 | G69: 157230.92 | H69: 180680.38 | I69: 205991.87 | J69: 234045.85 | K69: 262488.2 | L69: 294878.98 | M69: 331082.27

Sheet COEF
A1: No. Atividades | C1: Classes e atividades MESSAGE | E1: Valor adicionado R$ Milhões de 2013 | N1: Fator de peso relativo setorial | O1: Tipo de COEF share | P1: Coeficientes para desagregar valores de energia final do MSG
E2: 2010 | F2: =E2+5 -> 2015 | G2: =F2+5 -> 2020 | H2: =G2+5 -> 2025 | I2: =H2+5 -> 2030 | J2: =I2+5 -> 2035 | K2: =J2+5 -> 2040 | L2: =K2+5 -> 2045 | M2: =L2+5 -> 2050 | P2: 2010 | Q2: =P2+5 -> 2015 | R2: =Q2+5 -> 2020 | S2: =R2+5 -> 2025 | T2: =S2+5 -> 2030 | U2: =T2+5 -> 2035 | V2: =U2+5 -> 2040 | W2: =V2+5 -> 2045 | X2: =W2+5 -> 2050
A4: 1 | B4: Agricultura, silvicultura, exploração florestal | C4: AGR | D4: Agriculture | E4: =VA!E4 -> 0 | F4: =VA!F4 -> 189451.26 | G4: =VA!G4 -> 190862.2 | H4: =VA!H4 -> 214360.92 | I4: =VA!I4 -> 236542.4 | J4: =VA!J4 -> 259823.12 | K4: =VA!K4 -> 282284.05 | L4: =VA!L4 -> 307161.28 | M4: =VA!M4 -> 334345.94 | N4: 1 | O4: share VA setor | P4: =$N4*(E4/SUM(E$4:E$6)) -> #DIV/0! | Q4: =$N4*(F4/SUM(F$4:F$6)) -> 0.63066877 | R4: =$N4*(G4/SUM(G$4:G$6)) -> 0.63952855 | S4: =$N4*(H4/SUM(H$4:H$6)) -> 0.64064416 | T4: =$N4*(I4/SUM(I$4:I$6)) -> 0.64219368 | U4: =$N4*(J4/SUM(J$4:J$6)) -> 0.64380982 | V4: =$N4*(K4/SUM(K$4:K$6)) -> 0.64553581 | W4: =$N4*(L4/SUM(L$4:L$6)) -> 0.64712511 | X4: =$N4*(M4/SUM(M$4:M$6)) -> 0.64866644
A5: =A4+1 -> 2 | B5: Pecuária, inclusive o apoio à pecuária | C5: AGR | D5: Agriculture | E5: =VA!E5 -> 0 | F5: =VA!F5 -> 83846.245 | G5: =VA!G5 -> 80597.153 | H5: =VA!H5 -> 90124.705 | I5: =VA!I5 -> 98545.619 | J5: =VA!J5 -> 107041.94 | K5: =VA!K5 -> 114737.18 | L5: =VA!L5 -> 123147.25 | M5: =VA!M5 -> 132144.17 | N5: 1 | O5: share VA setor | P5: =$N5*(E5/SUM(E$4:E$6)) -> #DIV/0! | Q5: =$N5*(F5/SUM(F$4:F$6)) -> 0.27911774 | R5: =$N5*(G5/SUM(G$4:G$6)) -> 0.27005966 | S5: =$N5*(H5/SUM(H$4:H$6)) -> 0.26934884 | T5: =$N5*(I5/SUM(I$4:I$6)) -> 0.26754347 | U5: =$N5*(J5/SUM(J$4:J$6)) -> 0.2652368 | V5: =$N5*(K5/SUM(K$4:K$6)) -> 0.2623845 | W5: =$N5*(L5/SUM(L$4:L$6)) -> 0.25944572 | X5: =$N5*(M5/SUM(M$4:M$6)) -> 0.25637365
A6: =A5+1 -> 3 | B6: Produção florestal; pesca e aquicultura | C6: AGR | D6: Agriculture | E6: =VA!E6 -> 0 | F6: =VA!F6 -> 27099.898 | G6: =VA!G6 -> 26982.68 | H6: =VA!H6 -> 30116.539 | I6: =VA!I6 -> 33246.963 | J6: =VA!J6 -> 36706.168 | K6: =VA!K6 -> 40265.2 | L6: =VA!L6 -> 44346.639 | M6: =VA!M6 -> 48945.743 | N6: 1 | O6: share VA setor | P6: =$N6*(E6/SUM(E$4:E$6)) -> #DIV/0! | Q6: =$N6*(F6/SUM(F$4:F$6)) -> 0.09021349 | R6: =$N6*(G6/SUM(G$4:G$6)) -> 0.090411796 | S6: =$N6*(H6/SUM(H$4:H$6)) -> 0.090007004 | T6: =$N6*(I6/SUM(I$4:I$6)) -> 0.090262843 | U6: =$N6*(J6/SUM(J$4:J$6)) -> 0.090953381 | V6: =$N6*(K6/SUM(K$4:K$6)) -> 0.092079694 | W6: =$N6*(L6/SUM(L$4:L$6)) -> 0.093429171 | X6: =$N6*(M6/SUM(M$4:M$6)) -> 0.094959912
A7: =A6+1 -> 4 | B7: Extração de carvão mineral e de minerais não-metálicos | C7: OI | D7: Mining | E7: =VA!E7 -> 0 | F7: =VA!F7 -> 10451.705 | G7: =VA!G7 -> 9456.9822 | H7: =VA!H7 -> 11687.898 | I7: =VA!I7 -> 13374.586 | J7: =VA!J7 -> 15083.99 | K7: =VA!K7 -> 16763.017 | L7: =VA!L7 -> 18626.955 | M7: =VA!M7 -> 20675.887
A8: =A7+1 -> 5 | B8: Extração de petróleo e gás, inclusive as atividades de apoio | C8: OIL | D8: Oil and Gas | E8: =VA!E8 -> 0 | F8: =VA!F8 -> 86826.567 | G8: =VA!G8 -> 85441.509 | H8: =VA!H8 -> 97123.482 | I8: =VA!I8 -> 107932.32 | J8: =VA!J8 -> 119563.49 | K8: =VA!K8 -> 131262.75 | L8: =VA!L8 -> 144612.58 | M8: =VA!M8 -> 159652.41 | N8: 1 | O8: MSG | P8: =$N8*(E8/SUM(E$8)) -> #DIV/0! | Q8: =$N8*(F8/SUM(F$8)) -> 1 | R8: =$N8*(G8/SUM(G$8)) -> 1 | S8: =$N8*(H8/SUM(H$8)) -> 1 | T8: =$N8*(I8/SUM(I$8)) -> 1 | U8: =$N8*(J8/SUM(J$8)) -> 1 | V8: =$N8*(K8/SUM(K$8)) -> 1 | W8: =$N8*(L8/SUM(L$8)) -> 1 | X8: =$N8*(M8/SUM(M$8)) -> 1
A9: =A8+1 -> 6 | B9: Extração de minério de ferro, inclusive beneficiamentos e a aglomeração | C9: OI | D9: Mining | E9: =VA!E9 -> 0 | F9: =VA!F9 -> 27778.203 | G9: =VA!G9 -> 27822.256 | H9: =VA!H9 -> 30862.657 | I9: =VA!I9 -> 33689.719 | J9: =VA!J9 -> 36603.6 | K9: =VA!K9 -> 39335.91 | L9: =VA!L9 -> 42292.064 | M9: =VA!M9 -> 45450.766 | N9: 1 | O9: share VA setor | P9: =$N9*(E9/SUM(E$9:E$10)) -> #DIV/0! | Q9: =$N9*(F9/SUM(F$9:F$10)) -> 0.83373614 | R9: =$N9*(G9/SUM(G$9:G$10)) -> 0.83447941 | S9: =$N9*(H9/SUM(H$9:H$10)) -> 0.82803771 | T9: =$N9*(I9/SUM(I$9:I$10)) -> 0.82435498 | U9: =$N9*(J9/SUM(J$9:J$10)) -> 0.82123929 | V9: =$N9*(K9/SUM(K$9:K$10)) -> 0.81861004 | W9: =$N9*(L9/SUM(L$9:L$10)) -> 0.81597049 | X9: =$N9*(M9/SUM(M$9:M$10)) -> 0.81339723
A10: =A9+1 -> 7 | B10: Extração de minerais metálicos não-ferrosos, inclusive beneficiamentos | C10: OI | D10: Mining | E10: =VA!E10 -> 0 | F10: =VA!F10 -> 5539.5361 | G10: =VA!G10 -> 5518.5979 | H10: =VA!H10 -> 6409.3858 | I10: =VA!I10 -> 7178.2564 | J10: =VA!J10 -> 7967.5749 | K10: =VA!K10 -> 8716.1638 | L10: =VA!L10 -> 9538.32 | M10: =VA!M10 -> 10426.933 | N10: 1 | O10: share VA setor | P10: =$N10*(E10/SUM(E$9:E$10)) -> #DIV/0! | Q10: =$N10*(F10/SUM(F$9:F$10)) -> 0.16626386 | R10: =$N10*(G10/SUM(G$9:G$10)) -> 0.16552059 | S10: =$N10*(H10/SUM(H$9:H$10)) -> 0.17196229 | T10: =$N10*(I10/SUM(I$9:I$10)) -> 0.17564502 | U10: =$N10*(J10/SUM(J$9:J$10)) -> 0.17876071 | V10: =$N10*(K10/SUM(K$9:K$10)) -> 0.18138996 | W10: =$N10*(L10/SUM(L$9:L$10)) -> 0.18402951 | X10: =$N10*(M10/SUM(M$9:M$10)) -> 0.18660277
A11: =A10+1 -> 8 | B11: Abate e produtos de carne, inclusive os produtos do laticínio e da pesca | C11: FB | D11: Food and Beverage | E11: =VA!E11 -> 0 | F11: =VA!F11 -> 50931.506 | G11: =VA!G11 -> 52547.769 | H11: =VA!H11 -> 60495.511 | I11: =VA!I11 -> 68814.728 | J11: =VA!J11 -> 77886.696 | K11: =VA!K11 -> 86984.474 | L11: =VA!L11 -> 97283.968 | M11: =VA!M11 -> 108763.66 | N11: 1 | O11: share VA setor | P11: =$N11*(E11/SUM(E$11:E$15)) -> #DIV/0! | Q11: =$N11*(F11/SUM(F$11:F$15)) -> 0.33591827 | R11: =$N11*(G11/SUM(G$11:G$15)) -> 0.33987495 | S11: =$N11*(H11/SUM(H$11:H$15)) -> 0.34176907 | T11: =$N11*(I11/SUM(I$11:I$15)) -> 0.34411508 | U11: =$N11*(J11/SUM(J$11:J$15)) -> 0.34637819 | V11: =$N11*(K11/SUM(K$11:K$15)) -> 0.34840815 | W11: =$N11*(L11/SUM(L$11:L$15)) -> 0.35031727 | X11: =$N11*(M11/SUM(M$11:M$15)) -> 0.35208821
A12: =A11+1 -> 9 | B12: Fabricação e refino de açúcar | C12: FB | D12: Food and Beverage | E12: =VA!E12 -> 0 | F12: =VA!F12 -> 9352.2236 | G12: =VA!G12 -> 9740.0835 | H12: =VA!H12 -> 11618.539 | I12: =VA!I12 -> 13333.615 | J12: =VA!J12 -> 15143.316 | K12: =VA!K12 -> 16924.563 | L12: =VA!L12 -> 18920.516 | M12: =VA!M12 -> 21125.466 | N12: 1 | O12: share VA setor | P12: =$N12*(E12/SUM(E$11:E$15)) -> #DIV/0! | Q12: =$N12*(F12/SUM(F$11:F$15)) -> 0.061682504 | R12: =$N12*(G12/SUM(G$11:G$15)) -> 0.062998115 | S12: =$N12*(H12/SUM(H$11:H$15)) -> 0.065638875 | T12: =$N12*(I12/SUM(I$11:I$15)) -> 0.066676106 | U12: =$N12*(J12/SUM(J$11:J$15)) -> 0.067345446 | V12: =$N12*(K12/SUM(K$11:K$15)) -> 0.067789749 | W12: =$N12*(L12/SUM(L$11:L$15)) -> 0.068132329 | X12: =$N12*(M12/SUM(M$11:M$15)) -> 0.068387068
A13: =A12+1 -> 10 | B13: Outros produtos alimentares | C13: FB | D13: Food and Beverage | E13: =VA!E13 -> 0 | F13: =VA!F13 -> 58844.987 | G13: =VA!G13 -> 59868.557 | H13: =VA!H13 -> 68159.46 | I13: =VA!I13 -> 76784.309 | J13: =VA!J13 -> 86144.39 | K13: =VA!K13 -> 95458.691 | L13: =VA!L13 -> 105986.54 | M13: =VA!M13 -> 117698.42 | N13: 1 | O13: share VA setor | P13: =$N13*(E13/SUM(E$11:E$15)) -> #DIV/0! | Q13: =$N13*(F13/SUM(F$11:F$15)) -> 0.38811156 | R13: =$N13*(G13/SUM(G$11:G$15)) -> 0.38722525 | S13: =$N13*(H13/SUM(H$11:H$15)) -> 0.38506651 | T13: =$N13*(I13/SUM(I$11:I$15)) -> 0.38396779 | U13: =$N13*(J13/SUM(J$11:J$15)) -> 0.38310185 | V13: =$N13*(K13/SUM(K$11:K$15)) -> 0.38235083 | W13: =$N13*(L13/SUM(L$11:L$15)) -> 0.38165503 | X13: =$N13*(M13/SUM(M$11:M$15)) -> 0.38101171
A14: =A13+1 -> 11 | B14: Fabricação de bebidas | C14: FB | D14: Food and Beverage | E14: =VA!E14 -> 0 | F14: =VA!F14 -> 27585.282 | G14: =VA!G14 -> 27518.762 | H14: =VA!H14 -> 31101.671 | I14: =VA!I14 -> 34733.358 | J14: =VA!J14 -> 38642.179 | K14: =VA!K14 -> 42510.904 | L14: =VA!L14 -> 46888.353 | M14: =VA!M14 -> 51761.406 | N14: 1 | O14: share VA setor | P14: =$N14*(E14/SUM(E$11:E$15)) -> #DIV/0! | Q14: =$N14*(F14/SUM(F$11:F$15)) -> 0.18193847 | R14: =$N14*(G14/SUM(G$11:G$15)) -> 0.17798925 | S14: =$N14*(H14/SUM(H$11:H$15)) -> 0.17570873 | T14: =$N14*(I14/SUM(I$11:I$15)) -> 0.17368771 | U14: =$N14*(J14/SUM(J$11:J$15)) -> 0.17184973 | V14: =$N14*(K14/SUM(K$11:K$15)) -> 0.17027344 | W14: =$N14*(L14/SUM(L$11:L$15)) -> 0.16884385 | X14: =$N14*(M14/SUM(M$11:M$15)) -> 0.16756131
A15: =A14+1 -> 12 | B15: Fabricação de produtos do fumo | C15: FB | D15: Food and Beverage | E15: =VA!E15 -> 0 | F15: =VA!F15 -> 4904.7446 | G15: =VA!G15 -> 4933.9533 | H15: =VA!H15 -> 5631.7984 | I15: =VA!I15 -> 6309.9033 | J15: =VA!J15 -> 7043.7 | K15: =VA!K15 -> 7783.9359 | L15: =VA!L15 -> 8623.0833 | M15: =VA!M15 -> 9561.2998 | N15: 1 | O15: share VA setor | P15: =$N15*(E15/SUM(E$11:E$15)) -> #DIV/0! | Q15: =$N15*(F15/SUM(F$11:F$15)) -> 0.032349197 | R15: =$N15*(G15/SUM(G$11:G$15)) -> 0.031912433 | S15: =$N15*(H15/SUM(H$11:H$15)) -> 0.031816816 | T15: =$N15*(I15/SUM(I$11:I$15)) -> 0.031553316 | U15: =$N15*(J15/SUM(J$11:J$15)) -> 0.031324785 | V15: =$N15*(K15/SUM(K$11:K$15)) -> 0.031177825 | W15: =$N15*(L15/SUM(L$11:L$15)) -> 0.031051519 | X15: =$N15*(M15/SUM(M$11:M$15)) -> 0.030951707
A16: =A15+1 -> 13 | B16: Fabricação de produtos têxteis | C16: TX | D16: Textile | E16: =VA!E16 -> 0 | F16: =VA!F16 -> 16908.679 | G16: =VA!G16 -> 16751.085 | H16: =VA!H16 -> 19853.336 | I16: =VA!I16 -> 23049.795 | J16: =VA!J16 -> 26579.988 | K16: =VA!K16 -> 30197.908 | L16: =VA!L16 -> 34353.82 | M16: =VA!M16 -> 39055.019 | N16: 1 | O16: share VA setor | P16: =$N16*(E16/SUM(E$16:E$18)) -> #DIV/0! | Q16: =$N16*(F16/SUM(F$16:F$18)) -> 0.26554604 | R16: =$N16*(G16/SUM(G$16:G$18)) -> 0.26033496 | S16: =$N16*(H16/SUM(H$16:H$18)) -> 0.26451556 | T16: =$N16*(I16/SUM(I$16:I$18)) -> 0.26721706 | U16: =$N16*(J16/SUM(J$16:J$18)) -> 0.26962456 | V16: =$N16*(K16/SUM(K$16:K$18)) -> 0.27178822 | W16: =$N16*(L16/SUM(L$16:L$18)) -> 0.27394249 | X16: =$N16*(M16/SUM(M$16:M$18)) -> 0.27607791
A17: =A16+1 -> 14 | B17: Confecção de artefatos do vestuário e acessórios | C17: TX | D17: Textile | E17: =VA!E17 -> 0 | F17: =VA!F17 -> 30655.372 | G17: =VA!G17 -> 31240.889 | H17: =VA!H17 -> 36182.408 | I17: =VA!I17 -> 41576.909 | J17: =VA!J17 -> 47570.974 | K17: =VA!K17 -> 53711.862 | L17: =VA!L17 -> 60729.337 | M17: =VA!M17 -> 68620.22 | N17: 1 | O17: share VA setor | P17: =$N17*(E17/SUM(E$16:E$18)) -> #DIV/0! | Q17: =$N17*(F17/SUM(F$16:F$18)) -> 0.48143398 | R17: =$N17*(G17/SUM(G$16:G$18)) -> 0.48552649 | S17: =$N17*(H17/SUM(H$16:H$18)) -> 0.48207567 | T17: =$N17*(I17/SUM(I$16:I$18)) -> 0.48200251 | U17: =$N17*(J17/SUM(J$16:J$18)) -> 0.48255487 | V17: =$N17*(K17/SUM(K$16:K$18)) -> 0.48341929 | W17: =$N17*(L17/SUM(L$16:L$18)) -> 0.48426479 | X17: =$N17*(M17/SUM(M$16:M$18)) -> 0.48507278
A18: =A17+1 -> 15 | B18: Fabricação de calçados e de artefatos de couro | C18: TX | D18: Textile | E18: =VA!E18 -> 0 | F18: =VA!F18 -> 16111.08 | G18: =VA!G18 -> 16352.381 | H18: =VA!H18 -> 19019.71 | I18: =VA!I18 -> 21631.993 | J18: =VA!J18 -> 24430.52 | K18: =VA!K18 -> 27198.461 | L18: =VA!L18 -> 30322.072 | M18: =VA!M18 -> 33788.522 | N18: 1 | O18: share VA setor | P18: =$N18*(E18/SUM(E$16:E$18)) -> #DIV/0! | Q18: =$N18*(F18/SUM(F$16:F$18)) -> 0.25301998 | R18: =$N18*(G18/SUM(G$16:G$18)) -> 0.25413855 | S18: =$N18*(H18/SUM(H$16:H$18)) -> 0.25340877 | T18: =$N18*(I18/SUM(I$16:I$18)) -> 0.25078043 | U18: =$N18*(J18/SUM(J$16:J$18)) -> 0.24782057 | V18: =$N18*(K18/SUM(K$16:K$18)) -> 0.24479249 | W18: =$N18*(L18/SUM(L$16:L$18)) -> 0.24179272 | X18: =$N18*(M18/SUM(M$16:M$18)) -> 0.23884931
A19: =A18+1 -> 16 | B19: Fabricação de produtos da madeira | C19: OI | D19: Other industries | E19: =VA!E19 -> 0 | F19: =VA!F19 -> 11851.893 | G19: =VA!G19 -> 11404.017 | H19: =VA!H19 -> 13624.389 | I19: =VA!I19 -> 15448.242 | J19: =VA!J19 -> 17311.697 | K19: =VA!K19 -> 19121.807 | L19: =VA!L19 -> 21132.743 | M19: =VA!M19 -> 23340.579 | N19: =#REF! -> #REF! | O19: share TJ intrasetorial | P19: =$N19*1 -> #REF! | Q19: =$N19*1 -> #REF! | R19: =$N19*1 -> #REF! | S19: =$N19*1 -> #REF! | T19: =$N19*1 -> #REF! | U19: =$N19*1 -> #REF! | V19: =$N19*1 -> #REF! | W19: =$N19*1 -> #REF! | X19: =$N19*1 -> #REF!
A20: =A19+1 -> 17 | B20: Fabricação de celulose, papel e produtos de papel | C20: OI | D20: Paper | E20: =VA!E20 -> 0 | F20: =VA!F20 -> 27915.295 | G20: =VA!G20 -> 27571.279 | H20: =VA!H20 -> 31650.857 | I20: =VA!I20 -> 35219.802 | J20: =VA!J20 -> 38880.655 | K20: =VA!K20 -> 42338.087 | L20: =VA!L20 -> 46159.325 | M20: =VA!M20 -> 50315.157 | N20: 1 | O20: MSG | P20: =$N20*1 -> 1 | Q20: =$N20*1 -> 1 | R20: =$N20*1 -> 1 | S20: =$N20*1 -> 1 | T20: =$N20*1 -> 1 | U20: =$N20*1 -> 1 | V20: =$N20*1 -> 1 | W20: =$N20*1 -> 1 | X20: =$N20*1 -> 1
A21: =A20+1 -> 18 | B21: Impressão e reprodução de gravações | C21: OI | D21: Other industries | E21: =VA!E21 -> 0 | F21: =VA!F21 -> 9723.8195 | G21: =VA!G21 -> 8619.73 | H21: =VA!H21 -> 9184.761 | I21: =VA!I21 -> 9526.1691 | J21: =VA!J21 -> 9809.129 | K21: =VA!K21 -> 9966.6986 | L21: =VA!L21 -> 10140.323 | M21: =VA!M21 -> 10314.737 | N21: =#REF! -> #REF! | O21: share TJ intrasetorial | P21: =$N21*E21/(E10+E21+E24) -> #REF! | Q21: =$N21*F21/(F10+F21+F24) -> #REF! | R21: =$N21*G21/(G10+G21+G24) -> #REF! | S21: =$N21*H21/(H10+H21+H24) -> #REF! | T21: =$N21*I21/(I10+I21+I24) -> #REF! | U21: =$N21*J21/(J10+J21+J24) -> #REF! | V21: =$N21*K21/(K10+K21+K24) -> #REF! | W21: =$N21*L21/(L10+L21+L24) -> #REF! | X21: =$N21*M21/(M10+M21+M24) -> #REF!
A22: =A21+1 -> 19 | B22: Refino de petróleo e coquerias | C22: REF | D22: Refinery | E22: =VA!E22 -> 0 | F22: =VA!F22 -> 78545.447 | G22: =VA!G22 -> 76587.798 | H22: =VA!H22 -> 85304.094 | I22: =VA!I22 -> 93307.415 | J22: =VA!J22 -> 101682.32 | K22: =VA!K22 -> 109672.61 | L22: =VA!L22 -> 118530.88 | M22: =VA!M22 -> 128157.32 | N22: 1 | O22: MSG | P22: =$N22*(E22/SUM(E$22)) -> #DIV/0! | Q22: =$N22*(F22/SUM(F$22)) -> 1 | R22: =$N22*(G22/SUM(G$22)) -> 1 | S22: =$N22*(H22/SUM(H$22)) -> 1 | T22: =$N22*(I22/SUM(I$22)) -> 1 | U22: =$N22*(J22/SUM(J$22)) -> 1 | V22: =$N22*(K22/SUM(K$22)) -> 1 | W22: =$N22*(L22/SUM(L$22)) -> 1 | X22: =$N22*(M22/SUM(M$22)) -> 1
A23: =A22+1 -> 20 | B23: Fabricação de biocombustíveis | C23: BIO | D23: Biofuels | E23: =VA!E23 -> 0 | F23: =VA!F23 -> 10422.474 | G23: =VA!G23 -> 10352.108 | H23: =VA!H23 -> 11718.934 | I23: =VA!I23 -> 13070.826 | J23: =VA!J23 -> 14535.86 | K23: =VA!K23 -> 15986.175 | L23: =VA!L23 -> 17632.341 | M23: =VA!M23 -> 19467.227 | N23: 1 | O23: MSG | P23: =$N23*(E23/SUM(E$23)) -> #DIV/0! | Q23: =$N23*(F23/SUM(F$23)) -> 1 | R23: =$N23*(G23/SUM(G$23)) -> 1 | S23: =$N23*(H23/SUM(H$23)) -> 1 | T23: =$N23*(I23/SUM(I$23)) -> 1 | U23: =$N23*(J23/SUM(J$23)) -> 1 | V23: =$N23*(K23/SUM(K$23)) -> 1 | W23: =$N23*(L23/SUM(L$23)) -> 1 | X23: =$N23*(M23/SUM(M$23)) -> 1
A24: =A23+1 -> 21 | B24: Fabricação de químicos orgânicos e inorgânicos, resinas e elastômeros | C24: CH | D24: Chemical | E24: =VA!E24 -> 0 | F24: =VA!F24 -> 33636.274 | G24: =VA!G24 -> 31503.721 | H24: =VA!H24 -> 36310.702 | I24: =VA!I24 -> 40287.55 | J24: =VA!J24 -> 44275.276 | K24: =VA!K24 -> 47931.075 | L24: =VA!L24 -> 51917.706 | M24: =VA!M24 -> 56184.437 | N24: =#REF! -> #REF! | O24: share TJ intrasetorial | P24: =$N24*(E24/SUM(E$24:E$27)) -> #REF! | Q24: =$N24*(F24/SUM(F$24:F$27)) -> #REF! | R24: =$N24*(G24/SUM(G$24:G$27)) -> #REF! | S24: =$N24*(H24/SUM(H$24:H$27)) -> #REF! | T24: =$N24*(I24/SUM(I$24:I$27)) -> #REF! | U24: =$N24*(J24/SUM(J$24:J$27)) -> #REF! | V24: =$N24*(K24/SUM(K$24:K$27)) -> #REF! | W24: =$N24*(L24/SUM(L$24:L$27)) -> #REF! | X24: =$N24*(M24/SUM(M$24:M$27)) -> #REF!
A25: =A24+1 -> 22 | B25: Fabricação de defensivos, desinfestantes, tintas e químicos diversos | C25: CH | D25: Chemical | E25: =VA!E25 -> 0 | F25: =VA!F25 -> 19698.592 | G25: =VA!G25 -> 18266.017 | H25: =VA!H25 -> 21572.605 | I25: =VA!I25 -> 24281.442 | J25: =VA!J25 -> 27016.174 | K25: =VA!K25 -> 29592.465 | L25: =VA!L25 -> 32423.756 | M25: =VA!M25 -> 35491.228 | N25: =#REF! -> #REF! | O25: share TJ intrasetorial | P25: =$N25*(E25/SUM(E$24:E$27)) -> #REF! | Q25: =$N25*(F25/SUM(F$24:F$27)) -> #REF! | R25: =$N25*(G25/SUM(G$24:G$27)) -> #REF! | S25: =$N25*(H25/SUM(H$24:H$27)) -> #REF! | T25: =$N25*(I25/SUM(I$24:I$27)) -> #REF! | U25: =$N25*(J25/SUM(J$24:J$27)) -> #REF! | V25: =$N25*(K25/SUM(K$24:K$27)) -> #REF! | W25: =$N25*(L25/SUM(L$24:L$27)) -> #REF! | X25: =$N25*(M25/SUM(M$24:M$27)) -> #REF!
A26: =A25+1 -> 23 | B26: Fabricação de produtos de limpeza, cosméticos/perfumaria e higiene pessoal | C26: CH | D26: Chemical | E26: =VA!E26 -> 0 | F26: =VA!F26 -> 10900.907 | G26: =VA!G26 -> 10978.213 | H26: =VA!H26 -> 12579.33 | I26: =VA!I26 -> 14253.463 | J26: =VA!J26 -> 16071.05 | K26: =VA!K26 -> 17879.44 | L26: =VA!L26 -> 19920.02 | M26: =VA!M26 -> 22184.863 | N26: =#REF! -> #REF! | O26: share TJ intrasetorial | P26: =$N26*(E26/SUM(E$24:E$27)) -> #REF! | Q26: =$N26*(F26/SUM(F$24:F$27)) -> #REF! | R26: =$N26*(G26/SUM(G$24:G$27)) -> #REF! | S26: =$N26*(H26/SUM(H$24:H$27)) -> #REF! | T26: =$N26*(I26/SUM(I$24:I$27)) -> #REF! | U26: =$N26*(J26/SUM(J$24:J$27)) -> #REF! | V26: =$N26*(K26/SUM(K$24:K$27)) -> #REF! | W26: =$N26*(L26/SUM(L$24:L$27)) -> #REF! | X26: =$N26*(M26/SUM(M$24:M$27)) -> #REF!
A27: =A26+1 -> 24 | B27: Fabricação de produtos farmoquímicos e farmacêuticos | C27: CH | D27: Chemical | E27: =VA!E27 -> 0 | F27: =VA!F27 -> 26947.356 | G27: =VA!G27 -> 26393.722 | H27: =VA!H27 -> 29958.78 | I27: =VA!I27 -> 33559.378 | J27: =VA!J27 -> 37418.05 | K27: =VA!K27 -> 41206.046 | L27: =VA!L27 -> 45479.975 | M27: =VA!M27 -> 50224.144 | N27: =#REF! -> #REF! | O27: share TJ intrasetorial | P27: =$N27*(E27/SUM(E$24:E$27)) -> #REF! | Q27: =$N27*(F27/SUM(F$24:F$27)) -> #REF! | R27: =$N27*(G27/SUM(G$24:G$27)) -> #REF! | S27: =$N27*(H27/SUM(H$24:H$27)) -> #REF! | T27: =$N27*(I27/SUM(I$24:I$27)) -> #REF! | U27: =$N27*(J27/SUM(J$24:J$27)) -> #REF! | V27: =$N27*(K27/SUM(K$24:K$27)) -> #REF! | W27: =$N27*(L27/SUM(L$24:L$27)) -> #REF! | X27: =$N27*(M27/SUM(M$24:M$27)) -> #REF!
A28: =A27+1 -> 25 | B28: Fabricação de produtos de borracha e de material plástico | C28: CH | D28: Chemical | E28: =VA!E28 -> 0 | F28: =VA!F28 -> 32764.333 | G28: =VA!G28 -> 30889.663 | H28: =VA!H28 -> 37217.363 | I28: =VA!I28 -> 42571.859 | J28: =VA!J28 -> 48089.451 | K28: =VA!K28 -> 53442.047 | L28: =VA!L28 -> 59396.675 | M28: =VA!M28 -> 65931.717 | N28: =#REF! -> #REF! | O28: share TJ intrasetorial | P28: =$N28 -> #REF! | Q28: =$N28 -> #REF! | R28: =$N28 -> #REF! | S28: =$N28 -> #REF! | T28: =$N28 -> #REF! | U28: =$N28 -> #REF! | V28: =$N28 -> #REF! | W28: =$N28 -> #REF! | X28: =$N28 -> #REF!
A29: =A28+1 -> 26 | B29: Fabricação de produtos de minerais não-metálicos (cimento e cerâmica) | C29: CE | D29: Cement and ceramics | E29: =VA!E29 -> 0 | F29: =VA!F29 -> 33078.788 | G29: =VA!G29 -> 29537.555 | H29: =VA!H29 -> 37685.562 | I29: =VA!I29 -> 43373.393 | J29: =VA!J29 -> 48864.824 | K29: =VA!K29 -> 54082.613 | L29: =VA!L29 -> 59703.86 | M29: =VA!M29 -> 65724.632 | N29: 1 | O29: MSG | P29: 1 | Q29: 1 | R29: 1 | S29: 1 | T29: 1 | U29: 1 | V29: 1 | W29: 1 | X29: 1
A30: =A29+1 -> 27 | B30: Produção de ferro-gusa/ferroligas, siderurgia e tubos de aço sem costura | C30: IS | D30: Iron and Steel | E30: =VA!E30 -> 0 | F30: =VA!F30 -> 26862.581 | G30: =VA!G30 -> 25620.253 | H30: =VA!H30 -> 30815.556 | I30: =VA!I30 -> 34919.617 | J30: =VA!J30 -> 39039.546 | K30: =VA!K30 -> 42948.587 | L30: =VA!L30 -> 47226.472 | M30: =VA!M30 -> 51848.121 | N30: 1 | O30: MSG | P30: 1 | Q30: 1 | R30: 1 | S30: 1 | T30: 1 | U30: 1 | V30: 1 | W30: 1 | X30: 1
A31: =A30+1 -> 28 | B31: Metalurgia de metais não-ferosos e a fundição de metais | C31: OI | D31: Metallurgy | E31: =VA!E31 -> 0 | F31: =VA!F31 -> 15806.688 | G31: =VA!G31 -> 15487.891 | H31: =VA!H31 -> 18212.572 | I31: =VA!I31 -> 20543.461 | J31: =VA!J31 -> 22956.106 | K31: =VA!K31 -> 25287.222 | L31: =VA!L31 -> 27872.055 | M31: =VA!M31 -> 30695.701 | N31: 1 | O31: MSG | P31: =$N31*1 -> 1 | Q31: =$N31*1 -> 1 | R31: =$N31*1 -> 1 | S31: =$N31*1 -> 1 | T31: =$N31*1 -> 1 | U31: =$N31*1 -> 1 | V31: =$N31*1 -> 1 | W31: =$N31*1 -> 1 | X31: =$N31*1 -> 1
A32: =A31+1 -> 29 | B32: Fabricação de produtos de metal, exceto máquinas e equipamentos | C32: OI | D32: Metallurgy | E32: =VA!E32 -> 0 | F32: =VA!F32 -> 40698.94 | G32: =VA!G32 -> 36166.006 | H32: =VA!H32 -> 43616.856 | I32: =VA!I32 -> 48984.45 | J32: =VA!J32 -> 54112.933 | K32: =VA!K32 -> 58733.505 | L32: =VA!L32 -> 63661.084 | M32: =VA!M32 -> 68844.421 | N32: =#REF! -> #REF! | O32: share TJ intrasetorial | P32: =$N32*E32/(E21+E32+E35) -> #REF! | Q32: =$N32*F32/(F21+F32+F35) -> #REF! | R32: =$N32*G32/(G21+G32+G35) -> #REF! | S32: =$N32*H32/(H21+H32+H35) -> #REF! | T32: =$N32*I32/(I21+I32+I35) -> #REF! | U32: =$N32*J32/(J21+J32+J35) -> #REF! | V32: =$N32*K32/(K21+K32+K35) -> #REF! | W32: =$N32*L32/(L21+L32+L35) -> #REF! | X32: =$N32*M32/(M21+M32+M35) -> #REF!
A33: =A32+1 -> 30 | B33: Fabricação de equipamentos de informática, produtos eletrônicos e ópticos | C33: OI | D33: Other industries | E33: =VA!E33 -> 0 | F33: =VA!F33 -> 19490.75 | G33: =VA!G33 -> 18240.095 | H33: =VA!H33 -> 22769.988 | I33: =VA!I33 -> 26694.119 | J33: =VA!J33 -> 30829.189 | K33: =VA!K33 -> 35018.804 | L33: =VA!L33 -> 39741.241 | M33: =VA!M33 -> 45016.491 | N33: =#REF! -> #REF! | O33: share TJ intrasetorial | P33: =$N33*1 -> #REF! | Q33: =$N33*1 -> #REF! | R33: =$N33*1 -> #REF! | S33: =$N33*1 -> #REF! | T33: =$N33*1 -> #REF! | U33: =$N33*1 -> #REF! | V33: =$N33*1 -> #REF! | W33: =$N33*1 -> #REF! | X33: =$N33*1 -> #REF!
A34: =A33+1 -> 31 | B34: Fabricação de máquinas e equipamentos elétricos | C34: OI | D34: Other industries | E34: =VA!E34 -> 0 | F34: =VA!F34 -> 21488.702 | G34: =VA!G34 -> 19659.048 | H34: =VA!H34 -> 24246.461 | I34: =VA!I34 -> 27999.387 | J34: =VA!J34 -> 31823.144 | K34: =VA!K34 -> 35518.154 | L34: =VA!L34 -> 39592.884 | M34: =VA!M34 -> 44029.516 | N34: =#REF! -> #REF! | O34: share TJ intrasetorial | P34: =$N34*E34/(E34+E37+E38) -> #REF! | Q34: =$N34*F34/(F34+F37+F38) -> #REF! | R34: =$N34*G34/(G34+G37+G38) -> #REF! | S34: =$N34*H34/(H34+H37+H38) -> #REF! | T34: =$N34*I34/(I34+I37+I38) -> #REF! | U34: =$N34*J34/(J34+J37+J38) -> #REF! | V34: =$N34*K34/(K34+K37+K38) -> #REF! | W34: =$N34*L34/(L34+L37+L38) -> #REF! | X34: =$N34*M34/(M34+M37+M38) -> #REF!
A35: =A34+1 -> 32 | B35: Fabricação de máquinas e equipamentos mecânicos | C35: OI | D35: Other industries | E35: =VA!E35 -> 0 | F35: =VA!F35 -> 46204.553 | G35: =VA!G35 -> 40544.547 | H35: =VA!H35 -> 53325.475 | I35: =VA!I35 -> 62802.419 | J35: =VA!J35 -> 72195.94 | K35: =VA!K35 -> 81257.089 | L35: =VA!L35 -> 91118.606 | M35: =VA!M35 -> 101751.63 | N35: =#REF! -> #REF! | O35: share TJ intrasetorial | P35: =$N35*E35/(E21+E32+E35) -> #REF! | Q35: =$N35*F35/(F21+F32+F35) -> #REF! | R35: =$N35*G35/(G21+G32+G35) -> #REF! | S35: =$N35*H35/(H21+H32+H35) -> #REF! | T35: =$N35*I35/(I21+I32+I35) -> #REF! | U35: =$N35*J35/(J21+J32+J35) -> #REF! | V35: =$N35*K35/(K21+K32+K35) -> #REF! | W35: =$N35*L35/(L21+L32+L35) -> #REF! | X35: =$N35*M35/(M21+M32+M35) -> #REF!
A36: =A35+1 -> 33 | B36: Fabricação de automóveis, caminhões e ônibus, exceto peças | C36: OI | D36: Other industries | E36: =VA!E36 -> 0 | F36: =VA!F36 -> 32449.587 | G36: =VA!G36 -> 31342.136 | H36: =VA!H36 -> 38812.961 | I36: =VA!I36 -> 45040.592 | J36: =VA!J36 -> 51460.461 | K36: =VA!K36 -> 57793.856 | L36: =VA!L36 -> 64809.815 | M36: =VA!M36 -> 72500.922 | N36: =#REF! -> #REF! | O36: share TJ intrasetorial | P36: =$N36*1 -> #REF! | Q36: =$N36*1 -> #REF! | R36: =$N36*1 -> #REF! | S36: =$N36*1 -> #REF! | T36: =$N36*1 -> #REF! | U36: =$N36*1 -> #REF! | V36: =$N36*1 -> #REF! | W36: =$N36*1 -> #REF! | X36: =$N36*1 -> #REF!
A37: =A36+1 -> 34 | B37: Fabricação de peças e acessórios para veículos automotores | C37: OI | D37: Other industries | E37: =VA!E37 -> 0 | F37: =VA!F37 -> 23038.197 | G37: =VA!G37 -> 21335.571 | H37: =VA!H37 -> 26239.089 | I37: =VA!I37 -> 30371.367 | J37: =VA!J37 -> 34594.856 | K37: =VA!K37 -> 38622.379 | L37: =VA!L37 -> 43069.847 | M37: =VA!M37 -> 47902.207 | N37: =#REF! -> #REF! | O37: share TJ intrasetorial | P37: =$N37*E37/(E34+E37+E38) -> #REF! | Q37: =$N37*F37/(F34+F37+F38) -> #REF! | R37: =$N37*G37/(G34+G37+G38) -> #REF! | S37: =$N37*H37/(H34+H37+H38) -> #REF! | T37: =$N37*I37/(I34+I37+I38) -> #REF! | U37: =$N37*J37/(J34+J37+J38) -> #REF! | V37: =$N37*K37/(K34+K37+K38) -> #REF! | W37: =$N37*L37/(L34+L37+L38) -> #REF! | X37: =$N37*M37/(M34+M37+M38) -> #REF!
A38: =A37+1 -> 35 | B38: Fabricação de outros equipamentos de transporte, exceto veículos automotores | C38: OI | D38: Other industries | E38: =VA!E38 -> 0 | F38: =VA!F38 -> 15235.909 | G38: =VA!G38 -> 15423.943 | H38: =VA!H38 -> 19020.918 | I38: =VA!I38 -> 22192.379 | J38: =VA!J38 -> 25530.085 | K38: =VA!K38 -> 28855.892 | L38: =VA!L38 -> 32597.283 | M38: =VA!M38 -> 36752.279 | N38: =#REF! -> #REF! | O38: share TJ intrasetorial | P38: =$N38*E38/(E34+E37+E38) -> #REF! | Q38: =$N38*F38/(F34+F37+F38) -> #REF! | R38: =$N38*G38/(G34+G37+G38) -> #REF! | S38: =$N38*H38/(H34+H37+H38) -> #REF! | T38: =$N38*I38/(I34+I37+I38) -> #REF! | U38: =$N38*J38/(J34+J37+J38) -> #REF! | V38: =$N38*K38/(K34+K37+K38) -> #REF! | W38: =$N38*L38/(L34+L37+L38) -> #REF! | X38: =$N38*M38/(M34+M37+M38) -> #REF!
A39: =A38+1 -> 36 | B39: Fabricação de móveis e de produtos de indústrias diversas | C39: OI | D39: Other industries | E39: =VA!E39 -> 0 | F39: =VA!F39 -> 36596.086 | G39: =VA!G39 -> 36043.502 | H39: =VA!H39 -> 42134.373 | I39: =VA!I39 -> 47988.84 | J39: =VA!J39 -> 54272.535 | K39: =VA!K39 -> 60593.373 | L39: =VA!L39 -> 67737.796 | M39: =VA!M39 -> 75708.547 | N39: =#REF! -> #REF! | O39: share TJ intrasetorial | P39: =$N39*E39/(SUM(E38:E39)) -> #REF! | Q39: =$N39*F39/(SUM(F39:F40)) -> #REF! | R39: =$N39*G39/(SUM(G39:G40)) -> #REF! | S39: =$N39*H39/(SUM(H39:H40)) -> #REF! | T39: =$N39*I39/(SUM(I39:I40)) -> #REF! | U39: =$N39*J39/(SUM(J39:J40)) -> #REF! | V39: =$N39*K39/(SUM(K39:K40)) -> #REF! | W39: =$N39*L39/(SUM(L39:L40)) -> #REF! | X39: =$N39*M39/(SUM(M39:M40)) -> #REF!
A40: =A39+1 -> 37 | B40: Manutenção, reparação e instalação de máquinas e equipamentos | C40: OI | D40: Other industries | E40: =VA!E40 -> 0 | F40: =VA!F40 -> 26822.386 | G40: =VA!G40 -> 23926.537 | H40: =VA!H40 -> 28361.702 | I40: =VA!I40 -> 31608.648 | J40: =VA!J40 -> 34728.305 | K40: =VA!K40 -> 37523.005 | L40: =VA!L40 -> 40520.631 | M40: =VA!M40 -> 43685.942 | N40: =#REF! -> #REF! | O40: share TJ intrasetorial | P40: =$N40*E40/(SUM(E39:E40)) -> #REF! | Q40: =$N40*F40/(SUM(F39:F40)) -> #REF! | R40: =$N40*G40/(SUM(G39:G40)) -> #REF! | S40: =$N40*H40/(SUM(H39:H40)) -> #REF! | T40: =$N40*I40/(SUM(I39:I40)) -> #REF! | U40: =$N40*J40/(SUM(J39:J40)) -> #REF! | V40: =$N40*K40/(SUM(K39:K40)) -> #REF! | W40: =$N40*L40/(SUM(L39:L40)) -> #REF! | X40: =$N40*M40/(SUM(M39:M40)) -> #REF!
A41: =A40+1 -> 38 | B41: Energia elétrica, gás natural e outras utilidades | C41: ELECT | D41: Electricity | E41: =VA!E41 -> 0 | F41: =VA!F41 -> 101155.39 | G41: =VA!G41 -> 100061.15 | H41: =VA!H41 -> 110848.75 | I41: =VA!I41 -> 121132.19 | J41: =VA!J41 -> 132088.87 | K41: =VA!K41 -> 142829.46 | L41: =VA!L41 -> 154936.44 | M41: =VA!M41 -> 168359.69 | N41: 1 | O41: MSG | P41: =$N41*1 -> 1 | Q41: =$N41*1 -> 1 | R41: =$N41*1 -> 1 | S41: =$N41*1 -> 1 | T41: =$N41*1 -> 1 | U41: =$N41*1 -> 1 | V41: =$N41*1 -> 1 | W41: =$N41*1 -> 1 | X41: =$N41*1 -> 1
A42: =A41+1 -> 39 | B42: Água, esgoto e gestão de resíduos | C42: WS | D42: Waste | E42: =VA!E42 -> 0 | F42: =VA!F42 -> 43296.434 | G42: =VA!G42 -> 42955.497 | H42: =VA!H42 -> 48524.127 | I42: =VA!I42 -> 53955.191 | J42: =VA!J42 -> 59707.035 | K42: =VA!K42 -> 65291.026 | L42: =VA!L42 -> 71525.511 | M42: =VA!M42 -> 78372.669 | N42: 1 | O42: MSG | P42: =$N42*1 -> 1 | Q42: =$N42*1 -> 1 | R42: =$N42*1 -> 1 | S42: =$N42*1 -> 1 | T42: =$N42*1 -> 1 | U42: =$N42*1 -> 1 | V42: =$N42*1 -> 1 | W42: =$N42*1 -> 1 | X42: =$N42*1 -> 1
A43: =A42+1 -> 40 | B43: Construção | C43: OI | D43: Other industries | E43: =VA!E43 -> 0 | F43: =VA!F43 -> 363221.9 | G43: =VA!G43 -> 326672.88 | H43: =VA!H43 -> 453099.12 | I43: =VA!I43 -> 544841.45 | J43: =VA!J43 -> 637134.34 | K43: =VA!K43 -> 731363.48 | L43: =VA!L43 -> 835636.72 | M43: =VA!M43 -> 951005.45 | N43: =#REF! -> #REF! | O43: share TJ intrasetorial | P43: =$N43 -> #REF! | Q43: =$N43 -> #REF! | R43: =$N43 -> #REF! | S43: =$N43 -> #REF! | T43: =$N43 -> #REF! | U43: =$N43 -> #REF! | V43: =$N43 -> #REF! | W43: =$N43 -> #REF! | X43: =$N43 -> #REF!
A44: =A43+1 -> 41 | B44: Comércio por atacado e a varejo | C44: BL | D44: Buildings and services | E44: =VA!E44 -> 0 | F44: =VA!F44 -> 779103.71 | G44: =VA!G44 -> 786280.92 | H44: =VA!H44 -> 918043.92 | I44: =VA!I44 -> 1043513 | J44: =VA!J44 -> 1178111.5 | K44: =VA!K44 -> 1313748.4 | L44: =VA!L44 -> 1467009.9 | M44: =VA!M44 -> 1638071.3 | N44: 1 | O44: share VA setor | P44: =$N44*(E44/SUM(E$44,E$48:E$69)) -> #DIV/0! | Q44: =$N44*(F44/SUM(F$44,F$48:F$69)) -> 0.19261531 | R44: =$N44*(G44/SUM(G$44,G$48:G$69)) -> 0.19348636 | S44: =$N44*(H44/SUM(H$44,H$48:H$69)) -> 0.19804872 | T44: =$N44*(I44/SUM(I$44,I$48:I$69)) -> 0.2003395 | U44: =$N44*(J44/SUM(J$44,J$48:J$69)) -> 0.20205321 | V44: =$N44*(K44/SUM(K$44,K$48:K$69)) -> 0.20345759 | W44: =$N44*(L44/SUM(L$44,L$48:L$69)) -> 0.20470868 | X44: =$N44*(M44/SUM(M$44,M$48:M$69)) -> 0.20585182
A45: =A44+1 -> 42 | B45: Transporte terrestre | C45: TRANSP | D45: Transport | E45: =VA!E45 -> 0 | F45: =VA!F45 -> 173036.04 | G45: =VA!G45 -> 168276.23 | H45: =VA!H45 -> 195001.19 | I45: =VA!I45 -> 218706.9 | J45: =VA!J45 -> 243379.31 | K45: =VA!K45 -> 267284.48 | L45: =VA!L45 -> 293970.49 | M45: =VA!M45 -> 323339.61 | N45: 1 | O45: MSG | P45: =$N45*1 -> 1 | Q45: =$N45*1 -> 1 | R45: =$N45*1 -> 1 | S45: =$N45*1 -> 1 | T45: =$N45*1 -> 1 | U45: =$N45*1 -> 1 | V45: =$N45*1 -> 1 | W45: =$N45*1 -> 1 | X45: =$N45*1 -> 1
A46: =A45+1 -> 43 | B46: Transporte aquaviário | C46: TRANSP | D46: Transport | E46: =VA!E46 -> 0 | F46: =VA!F46 -> 10631.581 | G46: =VA!G46 -> 10870.418 | H46: =VA!H46 -> 12363.418 | I46: =VA!I46 -> 13973.008 | J46: =VA!J46 -> 15735.1 | K46: =VA!K46 -> 17510.927 | L46: =VA!L46 -> 19517.569 | M46: =VA!M46 -> 21750.327 | N46: 1 | O46: MSG | P46: =$N46*1 -> 1 | Q46: =$N46*1 -> 1 | R46: =$N46*1 -> 1 | S46: =$N46*1 -> 1 | T46: =$N46*1 -> 1 | U46: =$N46*1 -> 1 | V46: =$N46*1 -> 1 | W46: =$N46*1 -> 1 | X46: =$N46*1 -> 1
A47: =A46+1 -> 44 | B47: Transporte aéreo | C47: TRANSP | D47: Transport | E47: =VA!E47 -> 0 | F47: =VA!F47 -> 13109.718 | G47: =VA!G47 -> 12910.155 | H47: =VA!H47 -> 15060.884 | I47: =VA!I47 -> 17022.082 | J47: =VA!J47 -> 19078.362 | K47: =VA!K47 -> 21075.817 | L47: =VA!L47 -> 23307.436 | M47: =VA!M47 -> 25758.798 | N47: 1 | O47: MSG | P47: =$N47*1 -> 1 | Q47: =$N47*1 -> 1 | R47: =$N47*1 -> 1 | S47: =$N47*1 -> 1 | T47: =$N47*1 -> 1 | U47: =$N47*1 -> 1 | V47: =$N47*1 -> 1 | W47: =$N47*1 -> 1 | X47: =$N47*1 -> 1
A48: =A47+1 -> 45 | B48: Armazenamento, atividades auxiliares dos transportes e correio | C48: BL | D48: Buildings and services | E48: =VA!E48 -> 0 | F48: =VA!F48 -> 74183.4 | G48: =VA!G48 -> 72184.995 | H48: =VA!H48 -> 83131.624 | I48: =VA!I48 -> 93062.242 | J48: =VA!J48 -> 103382.43 | K48: =VA!K48 -> 113245.97 | L48: =VA!L48 -> 124206.54 | M48: =VA!M48 -> 136179.69 | N48: 1 | O48: share VA setor | P48: =$N48*(E48/SUM(E$44,E$48:E$69)) -> #DIV/0! | Q48: =$N48*(F48/SUM(F$44,F$48:F$69)) -> 0.018340124 | R48: =$N48*(G48/SUM(G$44,G$48:G$69)) -> 0.017763132 | S48: =$N48*(H48/SUM(H$44,H$48:H$69)) -> 0.017933905 | T48: =$N48*(I48/SUM(I$44,I$48:I$69)) -> 0.017866614 | U48: =$N48*(J48/SUM(J$44,J$48:J$69)) -> 0.01773071 | V48: =$N48*(K48/SUM(K$44,K$48:K$69)) -> 0.017538177 | W48: =$N48*(L48/SUM(L$44,L$48:L$69)) -> 0.01733196 | X48: =$N48*(M48/SUM(M$44,M$48:M$69)) -> 0.01711332
A49: =A48+1 -> 46 | B49: Alojamento | C49: BL | D49: Buildings and services | E49: =VA!E49 -> 0 | F49: =VA!F49 -> 15155.456 | G49: =VA!G49 -> 13577.489 | H49: =VA!H49 -> 16568.641 | I49: =VA!I49 -> 19083.247 | J49: =VA!J49 -> 21687.514 | K49: =VA!K49 -> 24175.529 | L49: =VA!L49 -> 26986.687 | M49: =VA!M49 -> 30101.453 | N49: 1 | O49: share VA setor | P49: =$N49*(E49/SUM(E$44,E$48:E$69)) -> #DIV/0! | Q49: =$N49*(F49/SUM(F$44,F$48:F$69)) -> 0.0037468346 | R49: =$N49*(G49/SUM(G$44,G$48:G$69)) -> 0.0033411201 | S49: =$N49*(H49/SUM(H$44,H$48:H$69)) -> 0.0035743368 | T49: =$N49*(I49/SUM(I$44,I$48:I$69)) -> 0.0036637094 | U49: =$N49*(J49/SUM(J$44,J$48:J$69)) -> 0.0037195394 | V49: =$N49*(K49/SUM(K$44,K$48:K$69)) -> 0.003744016 | W49: =$N49*(L49/SUM(L$44,L$48:L$69)) -> 0.0037657614 | X49: =$N49*(M49/SUM(M$44,M$48:M$69)) -> 0.0037827651
A50: =A49+1 -> 47 | B50: Alimentação | C50: BL | D50: Buildings and services | E50: =VA!E50 -> 0 | F50: =VA!F50 -> 131608.01 | G50: =VA!G50 -> 134154.42 | H50: =VA!H50 -> 154353.88 | I50: =VA!I50 -> 175431.38 | J50: =VA!J50 -> 198543.29 | K50: =VA!K50 -> 221914.14 | L50: =VA!L50 -> 248513.92 | M50: =VA!M50 -> 278321.6 | N50: 1 | O50: share VA setor | P50: =$N50*(E50/SUM(E$44,E$48:E$69)) -> #DIV/0! | Q50: =$N50*(F50/SUM(F$44,F$48:F$69)) -> 0.032537025 | R50: =$N50*(G50/SUM(G$44,G$48:G$69)) -> 0.033012439 | S50: =$N50*(H50/SUM(H$44,H$48:H$69)) -> 0.033298614 | T50: =$N50*(I50/SUM(I$44,I$48:I$69)) -> 0.033680306 | U50: =$N50*(J50/SUM(J$44,J$48:J$69)) -> 0.03405137 | V50: =$N50*(K50/SUM(K$44,K$48:K$69)) -> 0.0343674 | W50: =$N50*(L50/SUM(L$44,L$48:L$69)) -> 0.034677992 | X50: =$N50*(M50/SUM(M$44,M$48:M$69)) -> 0.034975894
A51: =A50+1 -> 48 | B51: Edição e edição integrada à impressão | C51: BL | D51: Buildings and services | E51: =VA!E51 -> 0 | F51: =VA!F51 -> 11039.667 | G51: =VA!G51 -> 11001.036 | H51: =VA!H51 -> 12603.05 | I51: =VA!I51 -> 14264.865 | J51: =VA!J51 -> 16071.202 | K51: =VA!K51 -> 17871.816 | L51: =VA!L51 -> 19908.444 | M51: =VA!M51 -> 22172.977 | N51: 1 | O51: share VA setor | P51: =$N51*(E51/SUM(E$44,E$48:E$69)) -> #DIV/0! | Q51: =$N51*(F51/SUM(F$44,F$48:F$69)) -> 0.0027293013 | R51: =$N51*(G51/SUM(G$44,G$48:G$69)) -> 0.0027071119 | S51: =$N51*(H51/SUM(H$44,H$48:H$69)) -> 0.0027188438 | T51: =$N51*(I51/SUM(I$44,I$48:I$69)) -> 0.0027386491 | U51: =$N51*(J51/SUM(J$44,J$48:J$69)) -> 0.002756308 | V51: =$N51*(K51/SUM(K$44,K$48:K$69)) -> 0.0027677725 | W51: =$N51*(L51/SUM(L$44,L$48:L$69)) -> 0.0027780531 | X51: =$N51*(M51/SUM(M$44,M$48:M$69)) -> 0.0027864158
A52: =A51+1 -> 49 | B52: Atividades de televisão, rádio, cinema e gravação/edição de som e imagem | C52: BL | D52: Buildings and services | E52: =VA!E52 -> 0 | F52: =VA!F52 -> 22728.117 | G52: =VA!G52 -> 21427.708 | H52: =VA!H52 -> 24335.114 | I52: =VA!I52 -> 26859.924 | J52: =VA!J52 -> 29423.476 | K52: =VA!K52 -> 31797.028 | L52: =VA!L52 -> 34412.856 | M52: =VA!M52 -> 37242.778 | N52: 1 | O52: share VA setor | P52: =$N52*(E52/SUM(E$44,E$48:E$69)) -> #DIV/0! | Q52: =$N52*(F52/SUM(F$44,F$48:F$69)) -> 0.0056189995 | R52: =$N52*(G52/SUM(G$44,G$48:G$69)) -> 0.0052728854 | S52: =$N52*(H52/SUM(H$44,H$48:H$69)) -> 0.0052497905 | T52: =$N52*(I52/SUM(I$44,I$48:I$69)) -> 0.0051567197 | U52: =$N52*(J52/SUM(J$44,J$48:J$69)) -> 0.0050463034 | V52: =$N52*(K52/SUM(K$44,K$48:K$69)) -> 0.0049243423 | W52: =$N52*(L52/SUM(L$44,L$48:L$69)) -> 0.0048020198 | X52: =$N52*(M52/SUM(M$44,M$48:M$69)) -> 0.0046801954
A53: =A52+1 -> 50 | B53: Telecomunicações | C53: BL | D53: Buildings and services | E53: =VA!E53 -> 0 | F53: =VA!F53 -> 77322.658 | G53: =VA!G53 -> 77898.547 | H53: =VA!H53 -> 87628.615 | I53: =VA!I53 -> 97384.147 | J53: =VA!J53 -> 107934.8 | K53: =VA!K53 -> 118519.04 | L53: =VA!L53 -> 130498.83 | M53: =VA!M53 -> 143853.91 | N53: 1 | O53: share VA setor | P53: =$N53*(E53/SUM(E$44,E$48:E$69)) -> #DIV/0! | Q53: =$N53*(F53/SUM(F$44,F$48:F$69)) -> 0.019116232 | R53: =$N53*(G53/SUM(G$44,G$48:G$69)) -> 0.019169111 | S53: =$N53*(H53/SUM(H$44,H$48:H$69)) -> 0.018904036 | T53: =$N53*(I53/SUM(I$44,I$48:I$69)) -> 0.018696357 | U53: =$N53*(J53/SUM(J$44,J$48:J$69)) -> 0.018511469 | V53: =$N53*(K53/SUM(K$44,K$48:K$69)) -> 0.018354808 | W53: =$N53*(L53/SUM(L$44,L$48:L$69)) -> 0.018209996 | X53: =$N53*(M53/SUM(M$44,M$48:M$69)) -> 0.018077718
A54: =A53+1 -> 51 | B54: Desenvolvimento de sistemas e outros serviços de informação | C54: BL | D54: Buildings and services | E54: =VA!E54 -> 0 | F54: =VA!F54 -> 95009.117 | G54: =VA!G54 -> 86671.523 | H54: =VA!H54 -> 109599.6 | I54: =VA!I54 -> 127557.23 | J54: =VA!J54 -> 145978.51 | K54: =VA!K54 -> 164460.48 | L54: =VA!L54 -> 185111.58 | M54: =VA!M54 -> 208020.74 | N54: 1 | O54: share VA setor | P54: =$N54*(E54/SUM(E$44,E$48:E$69)) -> #DIV/0! | Q54: =$N54*(F54/SUM(F$44,F$48:F$69)) -> 0.023488799 | R54: =$N54*(G54/SUM(G$44,G$48:G$69)) -> 0.021327947 | S54: =$N54*(H54/SUM(H$44,H$48:H$69)) -> 0.023643816 | T54: =$N54*(I54/SUM(I$44,I$48:I$69)) -> 0.024489156 | U54: =$N54*(J54/SUM(J$44,J$48:J$69)) -> 0.025036194 | V54: =$N54*(K54/SUM(K$44,K$48:K$69)) -> 0.025469667 | W54: =$N54*(L54/SUM(L$44,L$48:L$69)) -> 0.025830739 | X54: =$N54*(M54/SUM(M$44,M$48:M$69)) -> 0.026141382
A55: =A54+1 -> 52 | B55: Intermediação financeira, seguros e previdência complementar | C55: BL | D55: Buildings and services | E55: =VA!E55 -> 0 | F55: =VA!F55 -> 416494.46 | G55: =VA!G55 -> 410681.73 | H55: =VA!H55 -> 464642.96 | I55: =VA!I55 -> 516410.04 | J55: =VA!J55 -> 571344.48 | K55: =VA!K55 -> 625282.46 | L55: =VA!L55 -> 685972.43 | M55: =VA!M55 -> 753269.13 | N55: 1 | O55: share VA setor | P55: =$N55*(E55/SUM(E$44,E$48:E$69)) -> #DIV/0! | Q55: =$N55*(F55/SUM(F$44,F$48:F$69)) -> 0.10296859 | R55: =$N55*(G55/SUM(G$44,G$48:G$69)) -> 0.1010597 | S55: =$N55*(H55/SUM(H$44,H$48:H$69)) -> 0.10023698 | T55: =$N55*(I55/SUM(I$44,I$48:I$69)) -> 0.099143311 | U55: =$N55*(J55/SUM(J$44,J$48:J$69)) -> 0.09798902 | V55: =$N55*(K55/SUM(K$44,K$48:K$69)) -> 0.096836249 | W55: =$N55*(L55/SUM(L$44,L$48:L$69)) -> 0.095721587 | X55: =$N55*(M55/SUM(M$44,M$48:M$69)) -> 0.094661217
A56: =A55+1 -> 53 | B56: Atividades imobiliárias | C56: BL | D56: Buildings and services | E56: =VA!E56 -> 0 | F56: =VA!F56 -> 549701.51 | G56: =VA!G56 -> 552418.07 | H56: =VA!H56 -> 604507.08 | I56: =VA!I56 -> 658680.28 | J56: =VA!J56 -> 719236.02 | K56: =VA!K56 -> 781714.9 | L56: =VA!L56 -> 853388.9 | M56: =VA!M56 -> 934149.96 | N56: 1 | O56: share VA setor | P56: =$N56*(E56/SUM(E$44,E$48:E$69)) -> #DIV/0! | Q56: =$N56*(F56/SUM(F$44,F$48:F$69)) -> 0.13590094 | R56: =$N56*(G56/SUM(G$44,G$48:G$69)) -> 0.13593788 | S56: =$N56*(H56/SUM(H$44,H$48:H$69)) -> 0.13040973 | T56: =$N56*(I56/SUM(I$44,I$48:I$69)) -> 0.12645715 | U56: =$N56*(J56/SUM(J$44,J$48:J$69)) -> 0.12335331 | V56: =$N56*(K56/SUM(K$44,K$48:K$69)) -> 0.12106263 | W56: =$N56*(L56/SUM(L$44,L$48:L$69)) -> 0.11908312 | X56: =$N56*(M56/SUM(M$44,M$48:M$69)) -> 0.117392
A57: =A56+1 -> 54 | B57: Atividades jurídicas, contábeis, consultoria e sedes de empresas | C57: BL | D57: Buildings and services | E57: =VA!E57 -> 0 | F57: =VA!F57 -> 143662.17 | G57: =VA!G57 -> 136892.27 | H57: =VA!H57 -> 157298.72 | I57: =VA!I57 -> 174824.17 | J57: =VA!J57 -> 192704.68 | K57: =VA!K57 -> 209522.26 | L57: =VA!L57 -> 228113.32 | M57: =VA!M57 -> 248332.32 | N57: 1 | O57: share VA setor | P57: =$N57*(E57/SUM(E$44,E$48:E$69)) -> #DIV/0! | Q57: =$N57*(F57/SUM(F$44,F$48:F$69)) -> 0.035517136 | R57: =$N57*(G57/SUM(G$44,G$48:G$69)) -> 0.033686164 | S57: =$N57*(H57/SUM(H$44,H$48:H$69)) -> 0.033933901 | T57: =$N57*(I57/SUM(I$44,I$48:I$69)) -> 0.03356373 | U57: =$N57*(J57/SUM(J$44,J$48:J$69)) -> 0.033050014 | V57: =$N57*(K57/SUM(K$44,K$48:K$69)) -> 0.032448294 | W57: =$N57*(L57/SUM(L$44,L$48:L$69)) -> 0.031831263 | X57: =$N57*(M57/SUM(M$44,M$48:M$69)) -> 0.031207226
A58: =A57+1 -> 55 | B58: Serviços de arquitetura, engenharia, testes/análises técnicas e P & D | C58: BL | D58: Buildings and services | E58: =VA!E58 -> 0 | F58: =VA!F58 -> 51831.9 | G58: =VA!G58 -> 47396.723 | H58: =VA!H58 -> 60413.767 | I58: =VA!I58 -> 70377.72 | J58: =VA!J58 -> 80440.475 | K58: =VA!K58 -> 90372.477 | L58: =VA!L58 -> 101369.77 | M58: =VA!M58 -> 113458.84 | N58: 1 | O58: share VA setor | P58: =$N58*(E58/SUM(E$44,E$48:E$69)) -> #DIV/0! | Q58: =$N58*(F58/SUM(F$44,F$48:F$69)) -> 0.012814234 | R58: =$N58*(G58/SUM(G$44,G$48:G$69)) -> 0.011663286 | S58: =$N58*(H58/SUM(H$44,H$48:H$69)) -> 0.013033004 | T58: =$N58*(I58/SUM(I$44,I$48:I$69)) -> 0.013511511 | U58: =$N58*(J58/SUM(J$44,J$48:J$69)) -> 0.013796026 | V58: =$N58*(K58/SUM(K$44,K$48:K$69)) -> 0.013995805 | W58: =$N58*(L58/SUM(L$44,L$48:L$69)) -> 0.014145284 | X58: =$N58*(M58/SUM(M$44,M$48:M$69)) -> 0.014258055
A59: =A58+1 -> 56 | B59: Outras atividades profissionais, científicas e técnicas | C59: BL | D59: Buildings and services | E59: =VA!E59 -> 0 | F59: =VA!F59 -> 40394.777 | G59: =VA!G59 -> 39001.623 | H59: =VA!H59 -> 44743.472 | I59: =VA!I59 -> 49884.123 | J59: =VA!J59 -> 55210.64 | K59: =VA!K59 -> 60310.748 | L59: =VA!L59 -> 65979.177 | M59: =VA!M59 -> 72179.637 | N59: 1 | O59: share VA setor | P59: =$N59*(E59/SUM(E$44,E$48:E$69)) -> #DIV/0! | Q59: =$N59*(F59/SUM(F$44,F$48:F$69)) -> 0.0099866709 | R59: =$N59*(G59/SUM(G$44,G$48:G$69)) -> 0.0095974376 | S59: =$N59*(H59/SUM(H$44,H$48:H$69)) -> 0.0096524659 | T59: =$N59*(I59/SUM(I$44,I$48:I$69)) -> 0.0095770351 | U59: =$N59*(J59/SUM(J$44,J$48:J$69)) -> 0.0094689574 | V59: =$N59*(K59/SUM(K$44,K$48:K$69)) -> 0.0093402054 | W59: =$N59*(L59/SUM(L$44,L$48:L$69)) -> 0.0092068299 | X59: =$N59*(M59/SUM(M$44,M$48:M$69)) -> 0.0090706124
... A69: =A68+1 -> 66 | B69: Organizações associativas e outros serviços pessoais | C69: BL | D69: Buildings and services | E69: =VA!E69 -> 0 | F69: =VA!F69 -> 153055.74 | G69: =VA!G69 -> 157230.92 | H69: =VA!H69 -> 180680.38 | I69: =VA!I69 -> 205991.87 | J69: =VA!J69 -> 234045.85 | K69: =VA!K69 -> 262488.2 | L69: =VA!L69 -> 294878.98 | M69: =VA!M69 -> 331082.27 | N69: 1 | O69: share VA setor | P69: =$N69*(E69/SUM(E$44,E$48:E$69)) -> #DIV/0! | Q69: =$N69*(F69/SUM(F$44,F$48:F$69)) -> 0.037839479 | R69: =$N69*(G69/SUM(G$44,G$48:G$69)) -> 0.038691056 | S69: =$N69*(H69/SUM(H$44,H$48:H$69)) -> 0.038978002 | T69: =$N69*(I69/SUM(I$44,I$48:I$69)) -> 0.039547479 | U69: =$N69*(J69/SUM(J$44,J$48:J$69)) -> 0.040140273 | V69: =$N69*(K69/SUM(K$44,K$48:K$69)) -> 0.040651025 | W69: =$N69*(L69/SUM(L$44,L$48:L$69)) -> 0.04114784 | X69: =$N69*(M69/SUM(M$44,M$48:M$69)) -> 0.041606179

Sheet ENERGIA FINAL_MSG
B1: No. Atividades | D1: Classes e atividades MESSAGE | F1: Petróleo e derivados + GN (incluindo coque) | O1: Eletricidade | X1: Carvão Mineral (nacional + importado) | AG1: Carvão Vegetal | AP1: Lenha (sem bagaço) | AY1: Bagaço de Cana | BH1: Etanol | BQ1: Outros (liquor negro, nuclear) | BZ1: Biodiesel | CI1: Biocombustíveis avançados | CR1: Biometano | DA1: Total | DK1: BEN_2010
F2: Refino de petróleo e coquerias | O2: Energia elétrica, gás natural e outras utilidades | X2: Extração de carvão mineral e de minerais não-metálicos | AC2: Importações | AG2: Não encontrado | AP2: Não encontrado | AY2: Fabricação e refino de açúcar | BC2: Fabricação de biocombustíveis | BH2: Fabricação de biocombustíveis | BQ2: Fabricação de celulose, papel e produtos de papel | BV2: Energia elétrica, gás natural e outras utilidades | BZ2: Fabricação de biocombustíveis | CI2: Fabricação de biocombustíveis | CR2: Fabricação de biocombustíveis
F3: 2010 | G3: 2015 | H3: 2020 | I3: 2025 | J3: 2030 | K3: 2035 | L3: 2040 | M3: 2045 | N3: 2050 | O3: 2010 | P3: 2015 | Q3: 2020 | R3: 2025 | S3: 2030 | T3: 2035 | U3: 2040 | V3: 2045 | W3: 2050 | X3: 2010 | Y3: 2015 | Z3: 2020 | AA3: 2025 | AB3: 2030 | AC3: 2035 | AD3: 2040 | AE3: 2045 | AF3: 2050 | AG3: 2010 | AH3: 2015 | AI3: 2020 | AJ3: 2025 | AK3: 2030 | AL3: 2035 | AM3: 2040 | AN3: 2045 | AO3: 2050 | AP3: 2010 | AQ3: 2015 | AR3: 2020 | AS3: 2025 | AT3: 2030 | AU3: 2035 | AV3: 2040 | AW3: 2045 | AX3: 2050 | AY3: 2010 | AZ3: 2015 | BA3: 2020 | BB3: 2025 | BC3: 2030 | BD3: 2035 | BE3: 2040 | BF3: 2045 | BG3: 2050 | BH3: 2010 | BI3: 2015 | BJ3: 2020 | BK3: 2025 | BL3: 2030 | BM3: 2035 | BN3: 2040 | BO3: 2045 | BP3: 2050 | BQ3: 2010 | BR3: 2015 | BS3: 2020 | BT3: 2025 | BU3: 2030 | BV3: 2035 | BW3: 2040 | BX3: 2045 | BY3: 2050 | BZ3: 2010 | CA3: 2015 | CB3: 2020 | CC3: 2025 | CD3: 2030 | CE3: 2035 | CF3: 2040 | CG3: 2045 | CH3: 2050 | CI3: 2010 | CJ3: 2015 | CK3: 2020 | CL3: 2025 | CM3: 2030 | CN3: 2035 | CO3: 2040 | CP3: 2045 | CQ3: 2050 | CR3: 2010 | CS3: 2015 | CT3: 2020 | CU3: 2025 | CV3: 2030 | CW3: 2035 | CX3: 2040 | CY3: 2045 | CZ3: 2050 | DA3: 2010 | DB3: 2015 | DC3: 2020 | DD3: 2025 | DE3: 2030 | DF3: 2035 | DG3: 2040 | DH3: 2045 | DI3: 2050 | DK3: 2010 | DL3: Diferença 2010
A4: Aux | F4: ( ktep ) | O4: ( ktep ) | X4: ( ktep ) | AG4: ( ktep ) | AP4: ( ktep ) | AY4: ( ktep ) | BH4: ( ktep ) | BQ4: ( ktep ) | BZ4: ( ktep ) | CI4: ( ktep ) | CR4: ( ktep ) | DA4: ( ktep ) | DK4: ktep | DL4: ktep
A5: 19 | B5: 1 | C5: Agricultura, silvicultura, exploração florestal | D5: AGR | E5: Agriculture | F5: 5561.9263 | G5: 5915.4851 | H5: 5965.0088 | I5: 6677.9708 | J5: 7338.577 | K5: 7808.389 | L5: 8137.4785 | M5: 8316.31 | N5: 6181.6349 | O5: 1622.5107 | P5: 2302.6637 | Q5: 2790.7048 | R5: 2926.1297 | S5: 2865.1903 | T5: 2830.3969 | U5: 2823.0745 | V5: 2748.6945 | W5: 2879.7531 | X5: 0 | Y5: 0 | Z5: 0 | AA5: 0 | AB5: 0 | AC5: 0 | AD5: 0 | AE5: 0 | AF5: 0 | AG5: 5.7053749 | AH5: 6.0631376 | AI5: 6.8163224 | AJ5: 6.8163224 | AK5: 6.8163224 | AL5: 6.8163224 | AM5: 6.8163224 | AN5: 6.8163224 | AO5: 6.8163224 | AP5: 1900.0646 | AQ5: 2125.6171 | AR5: 2421.5976 | AS5: 2374.5145 | AT5: 2576.8312 | AU5: 2548.7201 | AV5: 2795.2609 | AW5: 2907.2045 | AX5: 2770.6377 | AY5: 0 | AZ5: 0 | BA5: 0 | BB5: 0 | BC5: 0 | BD5: 0 | BE5: 0 | BF5: 0 | BG5: 0 | BH5: 5.9501599 | BI5: 9.6407654 | BJ5: 6.6280262 | BK5: 15.139014 | BL5: 17.473887 | BM5: 19.582805 | BN5: 21.465767 | BO5: 23.122773 | BP5: 24.553824 | BQ5: 0 | BR5: 0 | BS5: 0 | BT5: 0 | BU5: 0 | BV5: 0 | BW5: 0 | BX5: 0 | BY5: 0 | BZ5: 204.09717 | CA5: 223.03891 | CB5: 593.62483 | CC5: 897.13408 | CD5: 966.89707 | CE5: 1012.9461 | CF5: 1069.0832 | CG5: 1103.2366 | CH5: 581.42816 | CI5: 0.11590302 | CJ5: 0.018957218 | CK5: 0.036641086 | CL5: 0 | CM5: 0 | CN5: 79.145116 | CO5: 29.93871 | CP5: 68.083643 | CQ5: 3536.2181 | CR5: 0 | CS5: 0 | CT5: 0 | CU5: 0 | CV5: 0 | CW5: 0 | CX5: 0 | CY5: 0 | CZ5: 0 | DA5: 9300.3702 | DB5: 10582.528 | DC5: 11784.417 | DD5: 12897.704 | DE5: 13771.786 | DF5: 14305.996 | DG5: 14883.118 | DH5: 15173.468 | DI5: 15981.042 | DK5: 10027 | DL5: 726.62979
A6: 27 | B6: 2 | C6: Pecuária, inclusive o apoio à pecuária | D6: AGR | E6: Agriculture | F6: 5561.9263 | G6: 5915.4851 | H6: 5965.0088 | I6: 6677.9708 | J6: 7338.577 | K6: 7808.389 | L6: 8137.4785 | M6: 8316.31 | N6: 6181.6349 | O6: 1622.5107 | P6: 2302.6637 | Q6: 2790.7048 | R6: 2926.1297 | S6: 2865.1903 | T6: 2830.3969 | U6: 2823.0745 | V6: 2748.6945 | W6: 2879.7531 | X6: 0 | Y6: 0 | Z6: 0 | AA6: 0 | AB6: 0 | AC6: 0 | AD6: 0 | AE6: 0 | AF6: 0 | AG6: 5.7053749 | AH6: 6.0631376 | AI6: 6.8163224 | AJ6: 6.8163224 | AK6: 6.8163224 | AL6: 6.8163224 | AM6: 6.8163224 | AN6: 6.8163224 | AO6: 6.8163224 | AP6: 1900.0646 | AQ6: 2125.6171 | AR6: 2421.5976 | AS6: 2374.5145 | AT6: 2576.8312 | AU6: 2548.7201 | AV6: 2795.2609 | AW6: 2907.2045 | AX6: 2770.6377 | AY6: 0 | AZ6: 0 | BA6: 0 | BB6: 0 | BC6: 0 | BD6: 0 | BE6: 0 | BF6: 0 | BG6: 0 | BH6: 5.9501599 | BI6: 9.6407654 | BJ6: 6.6280262 | BK6: 15.139014 | BL6: 17.473887 | BM6: 19.582805 | BN6: 21.465767 | BO6: 23.122773 | BP6: 24.553824 | BQ6: 0 | BR6: 0 | BS6: 0 | BT6: 0 | BU6: 0 | BV6: 0 | BW6: 0 | BX6: 0 | BY6: 0 | BZ6: 204.09717 | CA6: 223.03891 | CB6: 593.62483 | CC6: 897.13408 | CD6: 966.89707 | CE6: 1012.9461 | CF6: 1069.0832 | CG6: 1103.2366 | CH6: 581.42816 | CI6: 0.11590302 | CJ6: 0.018957218 | CK6: 0.036641086 | CL6: 0 | CM6: 0 | CN6: 79.145116 | CO6: 29.93871 | CP6: 68.083643 | CQ6: 3536.2181 | CR6: 0 | CS6: 0 | CT6: 0 | CU6: 0 | CV6: 0 | CW6: 0 | CX6: 0 | CY6: 0 | CZ6: 0 | DA6: 9300.3702 | DB6: 10582.528 | DC6: 11784.417 | DD6: 12897.704 | DE6: 13771.786 | DF6: 14305.996 | DG6: 14883.118 | DH6: 15173.468 | DI6: 15981.042
B7: 3 | C7: Produção florestal; pesca e aquicultura | D7: AGR | E7: Agriculture | F7: 5561.9263 | G7: 5915.4851 | H7: 5965.0088 | I7: 6677.9708 | J7: 7338.577 | K7: 7808.389 | L7: 8137.4785 | M7: 8316.31 | N7: 6181.6349 | O7: 1622.5107 | P7: 2302.6637 | Q7: 2790.7048 | R7: 2926.1297 | S7: 2865.1903 | T7: 2830.3969 | U7: 2823.0745 | V7: 2748.6945 | W7: 2879.7531 | X7: 0 | Y7: 0 | Z7: 0 | AA7: 0 | AB7: 0 | AC7: 0 | AD7: 0 | AE7: 0 | AF7: 0 | AG7: 5.7053749 | AH7: 6.0631376 | AI7: 6.8163224 | AJ7: 6.8163224 | AK7: 6.8163224 | AL7: 6.8163224 | AM7: 6.8163224 | AN7: 6.8163224 | AO7: 6.8163224 | AP7: 1900.0646 | AQ7: 2125.6171 | AR7: 2421.5976 | AS7: 2374.5145 | AT7: 2576.8312 | AU7: 2548.7201 | AV7: 2795.2609 | AW7: 2907.2045 | AX7: 2770.6377 | AY7: 0 | AZ7: 0 | BA7: 0 | BB7: 0 | BC7: 0 | BD7: 0 | BE7: 0 | BF7: 0 | BG7: 0 | BH7: 5.9501599 | BI7: 9.6407654 | BJ7: 6.6280262 | BK7: 15.139014 | BL7: 17.473887 | BM7: 19.582805 | BN7: 21.465767 | BO7: 23.122773 | BP7: 24.553824 | BQ7: 0 | BR7: 0 | BS7: 0 | BT7: 0 | BU7: 0 | BV7: 0 | BW7: 0 | BX7: 0 | BY7: 0 | BZ7: 204.09717 | CA7: 223.03891 | CB7: 593.62483 | CC7: 897.13408 | CD7: 966.89707 | CE7: 1012.9461 | CF7: 1069.0832 | CG7: 1103.2366 | CH7: 581.42816 | CI7: 0.11590302 | CJ7: 0.018957218 | CK7: 0.036641086 | CL7: 0 | CM7: 0 | CN7: 79.145116 | CO7: 29.93871 | CP7: 68.083643 | CQ7: 3536.2181 | CR7: 0 | CS7: 0 | CT7: 0 | CU7: 0 | CV7: 0 | CW7: 0 | CX7: 0 | CY7: 0 | CZ7: 0 | DA7: 9300.3702 | DB7: 10582.528 | DC7: 11784.417 | DD7: 12897.704 | DE7: 13771.786 | DF7: 14305.996 | DG7: 14883.118 | DH7: 15173.468 | DI7: 15981.042
B8: 4 | C8: Extração de carvão mineral e de minerais não-metálicos | D8: OI | E8: Mining | F8: 2195.6254 | G8: 2230.3505 | H8: 1088.9483 | I8: 1234.1451 | J8: 1411.1286 | K8: 1661.4078 | L8: 1495.3999 | M8: 1342.8518 | N8: 769.67346 | O8: 971.60764 | P8: 1095.3363 | Q8: 1016.4666 | R8: 1170.294 | S8: 1394.008 | T8: 1595.6679 | U8: 1919.319 | V8: 2234.096 | W8: 2514.9044 | X8: 0 | Y8: 0 | Z8: 0 | AA8: 0 | AB8: 0 | AC8: 0 | AD8: 0 | AE8: 0 | AF8: 0 | AG8: 0 | AH8: 0 | AI8: 0 | AJ8: 0 | AK8: 0 | AL8: 0 | AM8: 0 | AN8: 0 | AO8: 0 | AP8: 0 | AQ8: 0 | AR8: 0 | AS8: 0 | AT8: 0 | AU8: 0 | AV8: 0 | AW8: 0 | AX8: 0 | AY8: 0 | AZ8: 0 | BA8: 0 | BB8: 0 | BC8: 0 | BD8: 0 | BE8: 0 | BF8: 0 | BG8: 0 | BH8: 0 | BI8: 0 | BJ8: 0 | BK8: 0 | BL8: 0 | BM8: 0 | BN8: 0 | BO8: 0 | BP8: 0 | BQ8: 0 | BR8: 0 | BS8: 0 | BT8: 0 | BU8: 0 | BV8: 0 | BW8: 0 | BX8: 0 | BY8: 0 | BZ8: 12.271857 | CA8: 18.464589 | CB8: 42.793334 | CC8: 69.762109 | CD8: 77.904278 | CE8: 93.944549 | CF8: 113.90171 | CG8: 132.24963 | CH8: 76.201351 | CI8: 2.5699277 | CJ8: 2.2159572 | CK8: 2.3515061 | CL8: 1.3898951 | CM8: 1.7014908 | CN8: 9.4234746 | CO8: 3.4228002 | CP8: 6.8447106 | CQ8: 460.71253 | CR8: 0 | CS8: 0 | CT8: 0 | CU8: 0.56385041 | CV8: 36.049749 | CW8: 110.25267 | CX8: 739.11749 | CY8: 1386.6062 | CZ8: 2143.0171 | DA8: 3182.0748 | DB8: 3346.3674 | DC8: 2150.5597 | DD8: 2476.155 | DE8: 2920.7921 | DF8: 3470.6965 | DG8: 4271.1609 | DH8: 5102.6483 | DI8: 5964.5088
B9: 5 | C9: Extração de petróleo e gás, inclusive as atividades de apoio | D9: OIL | E9: Oil and Gas | F9: 2794.8175 | G9: 3466 | H9: 2897.8231 | I9: 2320.727 | J9: 2741.5345 | K9: 2053.8744 | L9: 1417.3847 | M9: 799.33572 | N9: 768.03821 | O9: 0 | P9: 0 | Q9: 0 | R9: 0 | S9: 0 | T9: 0 | U9: 0 | V9: 0 | W9: 0 | X9: 0 | Y9: 0 | Z9: 0 | AA9: 0 | AB9: 0 | AC9: 0 | AD9: 0 | AE9: 0 | AF9: 0 | AG9: 0 | AH9: 0 | AI9: 0 | AJ9: 0 | AK9: 0 | AL9: 0 | AM9: 0 | AN9: 0 | AO9: 0 | AP9: 0 | AQ9: 0 | AR9: 0 | AS9: 0 | AT9: 0 | AU9: 0 | AV9: 0 | AW9: 0 | AX9: 0 | AY9: 0 | AZ9: 0 | BA9: 0 | BB9: 0 | BC9: 0 | BD9: 0 | BE9: 0 | BF9: 0 | BG9: 0 | BH9: 0 | BI9: 0 | BJ9: 0 | BK9: 0 | BL9: 0 | BM9: 0 | BN9: 0 | BO9: 0 | BP9: 0 | BQ9: 0 | BR9: 0 | BS9: 0 | BT9: 0 | BU9: 0 | BV9: 0 | BW9: 0 | BX9: 0 | BY9: 0 | BZ9: 0 | CA9: 0 | CB9: 0 | CC9: 0 | CD9: 0 | CE9: 0 | CF9: 0 | CG9: 0 | CH9: 0 | CI9: 0 | CJ9: 0 | CK9: 0 | CL9: 0 | CM9: 0 | CN9: 0 | CO9: 0 | CP9: 0 | CQ9: 0 | CR9: 0 | CS9: 0 | CT9: 0 | CU9: 0 | CV9: 0 | CW9: 0 | CX9: 0 | CY9: 0 | CZ9: 0 | DA9: 2794.8175 | DB9: 3466 | DC9: 2897.8231 | DD9: 2320.727 | DE9: 2741.5345 | DF9: 2053.8744 | DG9: 1417.3847 | DH9: 799.33572 | DI9: 768.03821
A10: 131 | B10: 6 | C10: Extração de minério de ferro, inclusive beneficiamentos e a aglomeração | D10: OI | E10: Mining | F10: 2195.6254 | G10: 2230.3505 | H10: 1088.9483 | I10: 1234.1451 | J10: 1411.1286 | K10: 1661.4078 | L10: 1495.3999 | M10: 1342.8518 | N10: 769.67346 | O10: 971.60764 | P10: 1095.3363 | Q10: 1016.4666 | R10: 1170.294 | S10: 1394.008 | T10: 1595.6679 | U10: 1919.319 | V10: 2234.096 | W10: 2514.9044 | X10: 0 | Y10: 0 | Z10: 0 | AA10: 0 | AB10: 0 | AC10: 0 | AD10: 0 | AE10: 0 | AF10: 0 | AG10: 0 | AH10: 0 | AI10: 0 | AJ10: 0 | AK10: 0 | AL10: 0 | AM10: 0 | AN10: 0 | AO10: 0 | AP10: 0 | AQ10: 0 | AR10: 0 | AS10: 0 | AT10: 0 | AU10: 0 | AV10: 0 | AW10: 0 | AX10: 0 | AY10: 0 | AZ10: 0 | BA10: 0 | BB10: 0 | BC10: 0 | BD10: 0 | BE10: 0 | BF10: 0 | BG10: 0 | BH10: 0 | BI10: 0 | BJ10: 0 | BK10: 0 | BL10: 0 | BM10: 0 | BN10: 0 | BO10: 0 | BP10: 0 | BQ10: 0 | BR10: 0 | BS10: 0 | BT10: 0 | BU10: 0 | BV10: 0 | BW10: 0 | BX10: 0 | BY10: 0 | BZ10: 12.271857 | CA10: 18.464589 | CB10: 42.793334 | CC10: 69.762109 | CD10: 77.904278 | CE10: 93.944549 | CF10: 113.90171 | CG10: 132.24963 | CH10: 76.201351 | CI10: 2.5699277 | CJ10: 2.2159572 | CK10: 2.3515061 | CL10: 1.3898951 | CM10: 1.7014908 | CN10: 9.4234746 | CO10: 3.4228002 | CP10: 6.8447106 | CQ10: 460.71253 | CR10: 0 | CS10: 0 | CT10: 0 | CU10: 0.56385041 | CV10: 36.049749 | CW10: 110.25267 | CX10: 739.11749 | CY10: 1386.6062 | CZ10: 2143.0171 | DA10: 3182.0748 | DB10: 3346.3674 | DC10: 2150.5597 | DD10: 2476.155 | DE10: 2920.7921 | DF10: 3470.6965 | DG10: 4271.1609 | DH10: 5102.6483 | DI10: 5964.5088 | DK10: 3182 | DL10: -0.074801163
A11: 139 | B11: 7 | C11: Extração de minerais metálicos não-ferrosos, inclusive beneficiamentos | D11: OI | E11: Mining | F11: 2195.6254 | G11: 2230.3505 | H11: 1088.9483 | I11: 1234.1451 | J11: 1411.1286 | K11: 1661.4078 | L11: 1495.3999 | M11: 1342.8518 | N11: 769.67346 | O11: 971.60764 | P11: 1095.3363 | Q11: 1016.4666 | R11: 1170.294 | S11: 1394.008 | T11: 1595.6679 | U11: 1919.319 | V11: 2234.096 | W11: 2514.9044 | X11: 0 | Y11: 0 | Z11: 0 | AA11: 0 | AB11: 0 | AC11: 0 | AD11: 0 | AE11: 0 | AF11: 0 | AG11: 0 | AH11: 0 | AI11: 0 | AJ11: 0 | AK11: 0 | AL11: 0 | AM11: 0 | AN11: 0 | AO11: 0 | AP11: 0 | AQ11: 0 | AR11: 0 | AS11: 0 | AT11: 0 | AU11: 0 | AV11: 0 | AW11: 0 | AX11: 0 | AY11: 0 | AZ11: 0 | BA11: 0 | BB11: 0 | BC11: 0 | BD11: 0 | BE11: 0 | BF11: 0 | BG11: 0 | BH11: 0 | BI11: 0 | BJ11: 0 | BK11: 0 | BL11: 0 | BM11: 0 | BN11: 0 | BO11: 0 | BP11: 0 | BQ11: 0 | BR11: 0 | BS11: 0 | BT11: 0 | BU11: 0 | BV11: 0 | BW11: 0 | BX11: 0 | BY11: 0 | BZ11: 12.271857 | CA11: 18.464589 | CB11: 42.793334 | CC11: 69.762109 | CD11: 77.904278 | CE11: 93.944549 | CF11: 113.90171 | CG11: 132.24963 | CH11: 76.201351 | CI11: 2.5699277 | CJ11: 2.2159572 | CK11: 2.3515061 | CL11: 1.3898951 | CM11: 1.7014908 | CN11: 9.4234746 | CO11: 3.4228002 | CP11: 6.8447106 | CQ11: 460.71253 | CR11: 0 | CS11: 0 | CT11: 0 | CU11: 0.56385041 | CV11: 36.049749 | CW11: 110.25267 | CX11: 739.11749 | CY11: 1386.6062 | CZ11: 2143.0171 | DA11: 3182.0748 | DB11: 3346.3674 | DC11: 2150.5597 | DD11: 2476.155 | DE11: 2920.7921 | DF11: 3470.6965 | DG11: 4271.1609 | DH11: 5102.6483 | DI11: 5964.5088
A12: 89 | B12: 8 | C12: Abate e produtos de carne, inclusive os produtos do laticínio e da pesca | D12: FB | E12: Food and Beverage | F12: 1339.2125 | G12: 1502.2778 | H12: 1458.8155 | I12: 1167.4862 | J12: 930.49001 | K12: 773.87569 | L12: 728.64735 | M12: 404.64914 | N12: 181.14409 | O12: 2319.3784 | P12: 2234.633 | Q12: 2515.7065 | R12: 2437.1742 | S12: 2288.2161 | T12: 2211.2173 | U12: 2136.6693 | V12: 2054.2279 | W12: 2031.7936 | X12: 0 | Y12: 0 | Z12: 0 | AA12: 0 | AB12: 0 | AC12: 0 | AD12: 0 | AE12: 0 | AF12: 0 | AG12: 0 | AH12: 0 | AI12: 0 | AJ12: 0 | AK12: 0 | AL12: 0 | AM12: 0 | AN12: 0 | AO12: 0 | AP12: 2263.6201 | AQ12: 2163.1626 | AR12: 2361.0295 | AS12: 3047.519 | AT12: 3693.2951 | AU12: 4079.2692 | AV12: 4169.9963 | AW12: 4381.761 | AX12: 4449.3451 | AY12: 5360.0628 | AZ12: 6941.2605 | BA12: 7148.9444 | BB12: 7307.016 | BC12: 7490.3805 | BD12: 8321.7468 | BE12: 9301.4757 | BF12: 9289.2527 | BG12: 9002.5479 | BH12: 0 | BI12: 0 | BJ12: 0 | BK12: 0 | BL12: 0 | BM12: 0 | BN12: 0 | BO12: 0 | BP12: 0 | BQ12: 0 | BR12: 0 | BS12: 0 | BT12: 0 | BU12: 0 | BV12: 0 | BW12: 0 | BX12: 0 | BY12: 0 | BZ12: 0 | CA12: 0 | CB12: 0 | CC12: 0 | CD12: 0 | CE12: 0 | CF12: 0 | CG12: 0 | CH12: 0 | CI12: 0.93283751 | CJ12: 0.66801116 | CK12: 1.419597 | CL12: 0.59477268 | CM12: 0.63041962 | CN12: 0.62705086 | CO12: 0.46207771 | CP12: 0.00065801071 | CQ12: 0.0067889121 | CR12: 0 | CS12: 0 | CT12: 0 | CU12: 1.8675326 | CV12: 81.194579 | CW12: 200.73747 | CX12: 499.16876 | CY12: 938.10539 | CZ12: 1335.9115 | DA12: 11283.207 | DB12: 12842.002 | DC12: 13485.915 | DD12: 13961.658 | DE12: 14484.207 | DF12: 15587.473 | DG12: 16836.419 | DH12: 17067.997 | DI12: 17000.749 | DK12: 23244 | DL12: 11960.793 | DM12: 4400 | DN12: temos mais bagaço e lenha
A13: 97 | B13: 9 | C13: Fabricação e refino de açúcar | D13: FB | E13: Food and Beverage | F13: 1339.2125 | G13: 1502.2778 | H13: 1458.8155 | I13: 1167.4862 | J13: 930.49001 | K13: 773.87569 | L13: 728.64735 | M13: 404.64914 | N13: 181.14409 | O13: 2319.3784 | P13: 2234.633 | Q13: 2515.7065 | R13: 2437.1742 | S13: 2288.2161 | T13: 2211.2173 | U13: 2136.6693 | V13: 2054.2279 | W13: 2031.7936 | X13: 0 | Y13: 0 | Z13: 0 | AA13: 0 | AB13: 0 | AC13: 0 | AD13: 0 | AE13: 0 | AF13: 0 | AG13: 0 | AH13: 0 | AI13: 0 | AJ13: 0 | AK13: 0 | AL13: 0 | AM13: 0 | AN13: 0 | AO13: 0 | AP13: 2263.6201 | AQ13: 2163.1626 | AR13: 2361.0295 | AS13: 3047.519 | AT13: 3693.2951 | AU13: 4079.2692 | AV13: 4169.9963 | AW13: 4381.761 | AX13: 4449.3451 | AY13: 5360.0628 | AZ13: 6941.2605 | BA13: 7148.9444 | BB13: 7307.016 | BC13: 7490.3805 | BD13: 8321.7468 | BE13: 9301.4757 | BF13: 9289.2527 | BG13: 9002.5479 | BH13: 0 | BI13: 0 | BJ13: 0 | BK13: 0 | BL13: 0 | BM13: 0 | BN13: 0 | BO13: 0 | BP13: 0 | BQ13: 0 | BR13: 0 | BS13: 0 | BT13: 0 | BU13: 0 | BV13: 0 | BW13: 0 | BX13: 0 | BY13: 0 | BZ13: 0 | CA13: 0 | CB13: 0 | CC13: 0 | CD13: 0 | CE13: 0 | CF13: 0 | CG13: 0 | CH13: 0 | CI13: 0.93283751 | CJ13: 0.66801116 | CK13: 1.419597 | CL13: 0.59477268 | CM13: 0.63041962 | CN13: 0.62705086 | CO13: 0.46207771 | CP13: 0.00065801071 | CQ13: 0.0067889121 | CR13: 0 | CS13: 0 | CT13: 0 | CU13: 1.8675326 | CV13: 81.194579 | CW13: 200.73747 | CX13: 499.16876 | CY13: 938.10539 | CZ13: 1335.9115 | DA13: 11283.207 | DB13: 12842.002 | DC13: 13485.915 | DD13: 13961.658 | DE13: 14484.207 | DF13: 15587.473 | DG13: 16836.419 | DH13: 17067.997 | DI13: 17000.749
B14: 10 | C14: Outros produtos alimentares | D14: FB | E14: Food and Beverage | F14: 1339.2125 | G14: 1502.2778 | H14: 1458.8155 | I14: 1167.4862 | J14: 930.49001 | K14: 773.87569 | L14: 728.64735 | M14: 404.64914 | N14: 181.14409 | O14: 2319.3784 | P14: 2234.633 | Q14: 2515.7065 | R14: 2437.1742 | S14: 2288.2161 | T14: 2211.2173 | U14: 2136.6693 | V14: 2054.2279 | W14: 2031.7936 | X14: 0 | Y14: 0 | Z14: 0 | AA14: 0 | AB14: 0 | AC14: 0 | AD14: 0 | AE14: 0 | AF14: 0 | AG14: 0 | AH14: 0 | AI14: 0 | AJ14: 0 | AK14: 0 | AL14: 0 | AM14: 0 | AN14: 0 | AO14: 0 | AP14: 2263.6201 | AQ14: 2163.1626 | AR14: 2361.0295 | AS14: 3047.519 | AT14: 3693.2951 | AU14: 4079.2692 | AV14: 4169.9963 | AW14: 4381.761 | AX14: 4449.3451 | AY14: 5360.0628 | AZ14: 6941.2605 | BA14: 7148.9444 | BB14: 7307.016 | BC14: 7490.3805 | BD14: 8321.7468 | BE14: 9301.4757 | BF14: 9289.2527 | BG14: 9002.5479 | BH14: 0 | BI14: 0 | BJ14: 0 | BK14: 0 | BL14: 0 | BM14: 0 | BN14: 0 | BO14: 0 | BP14: 0 | BQ14: 0 | BR14: 0 | BS14: 0 | BT14: 0 | BU14: 0 | BV14: 0 | BW14: 0 | BX14: 0 | BY14: 0 | BZ14: 0 | CA14: 0 | CB14: 0 | CC14: 0 | CD14: 0 | CE14: 0 | CF14: 0 | CG14: 0 | CH14: 0 | CI14: 0.93283751 | CJ14: 0.66801116 | CK14: 1.419597 | CL14: 0.59477268 | CM14: 0.63041962 | CN14: 0.62705086 | CO14: 0.46207771 | CP14: 0.00065801071 | CQ14: 0.0067889121 | CR14: 0 | CS14: 0 | CT14: 0 | CU14: 1.8675326 | CV14: 81.194579 | CW14: 200.73747 | CX14: 499.16876 | CY14: 938.10539 | CZ14: 1335.9115 | DA14: 11283.207 | DB14: 12842.002 | DC14: 13485.915 | DD14: 13961.658 | DE14: 14484.207 | DF14: 15587.473 | DG14: 16836.419 | DH14: 17067.997 | DI14: 17000.749
B15: 11 | C15: Fabricação de bebidas | D15: FB | E15: Food and Beverage | F15: 1339.2125 | G15: 1502.2778 | H15: 1458.8155 | I15: 1167.4862 | J15: 930.49001 | K15: 773.87569 | L15: 728.64735 | M15: 404.64914 | N15: 181.14409 | O15: 2319.3784 | P15: 2234.633 | Q15: 2515.7065 | R15: 2437.1742 | S15: 2288.2161 | T15: 2211.2173 | U15: 2136.6693 | V15: 2054.2279 | W15: 2031.7936 | X15: 0 | Y15: 0 | Z15: 0 | AA15: 0 | AB15: 0 | AC15: 0 | AD15: 0 | AE15: 0 | AF15: 0 | AG15: 0 | AH15: 0 | AI15: 0 | AJ15: 0 | AK15: 0 | AL15: 0 | AM15: 0 | AN15: 0 | AO15: 0 | AP15: 2263.6201 | AQ15: 2163.1626 | AR15: 2361.0295 | AS15: 3047.519 | AT15: 3693.2951 | AU15: 4079.2692 | AV15: 4169.9963 | AW15: 4381.761 | AX15: 4449.3451 | AY15: 5360.0628 | AZ15: 6941.2605 | BA15: 7148.9444 | BB15: 7307.016 | BC15: 7490.3805 | BD15: 8321.7468 | BE15: 9301.4757 | BF15: 9289.2527 | BG15: 9002.5479 | BH15: 0 | BI15: 0 | BJ15: 0 | BK15: 0 | BL15: 0 | BM15: 0 | BN15: 0 | BO15: 0 | BP15: 0 | BQ15: 0 | BR15: 0 | BS15: 0 | BT15: 0 | BU15: 0 | BV15: 0 | BW15: 0 | BX15: 0 | BY15: 0 | BZ15: 0 | CA15: 0 | CB15: 0 | CC15: 0 | CD15: 0 | CE15: 0 | CF15: 0 | CG15: 0 | CH15: 0 | CI15: 0.93283751 | CJ15: 0.66801116 | CK15: 1.419597 | CL15: 0.59477268 | CM15: 0.63041962 | CN15: 0.62705086 | CO15: 0.46207771 | CP15: 0.00065801071 | CQ15: 0.0067889121 | CR15: 0 | CS15: 0 | CT15: 0 | CU15: 1.8675326 | CV15: 81.194579 | CW15: 200.73747 | CX15: 499.16876 | CY15: 938.10539 | CZ15: 1335.9115 | DA15: 11283.207 | DB15: 12842.002 | DC15: 13485.915 | DD15: 13961.658 | DE15: 14484.207 | DF15: 15587.473 | DG15: 16836.419 | DH15: 17067.997 | DI15: 17000.749
B16: 12 | C16: Fabricação de produtos do fumo | D16: FB | E16: Food and Beverage | F16: 1339.2125 | G16: 1502.2778 | H16: 1458.8155 | I16: 1167.4862 | J16: 930.49001 | K16: 773.87569 | L16: 728.64735 | M16: 404.64914 | N16: 181.14409 | O16: 2319.3784 | P16: 2234.633 | Q16: 2515.7065 | R16: 2437.1742 | S16: 2288.2161 | T16: 2211.2173 | U16: 2136.6693 | V16: 2054.2279 | W16: 2031.7936 | X16: 0 | Y16: 0 | Z16: 0 | AA16: 0 | AB16: 0 | AC16: 0 | AD16: 0 | AE16: 0 | AF16: 0 | AG16: 0 | AH16: 0 | AI16: 0 | AJ16: 0 | AK16: 0 | AL16: 0 | AM16: 0 | AN16: 0 | AO16: 0 | AP16: 2263.6201 | AQ16: 2163.1626 | AR16: 2361.0295 | AS16: 3047.519 | AT16: 3693.2951 | AU16: 4079.2692 | AV16: 4169.9963 | AW16: 4381.761 | AX16: 4449.3451 | AY16: 5360.0628 | AZ16: 6941.2605 | BA16: 7148.9444 | BB16: 7307.016 | BC16: 7490.3805 | BD16: 8321.7468 | BE16: 9301.4757 | BF16: 9289.2527 | BG16: 9002.5479 | BH16: 0 | BI16: 0 | BJ16: 0 | BK16: 0 | BL16: 0 | BM16: 0 | BN16: 0 | BO16: 0 | BP16: 0 | BQ16: 0 | BR16: 0 | BS16: 0 | BT16: 0 | BU16: 0 | BV16: 0 | BW16: 0 | BX16: 0 | BY16: 0 | BZ16: 0 | CA16: 0 | CB16: 0 | CC16: 0 | CD16: 0 | CE16: 0 | CF16: 0 | CG16: 0 | CH16: 0 | CI16: 0.93283751 | CJ16: 0.66801116 | CK16: 1.419597 | CL16: 0.59477268 | CM16: 0.63041962 | CN16: 0.62705086 | CO16: 0.46207771 | CP16: 0.00065801071 | CQ16: 0.0067889121 | CR16: 0 | CS16: 0 | CT16: 0 | CU16: 1.8675326 | CV16: 81.194579 | CW16: 200.73747 | CX16: 499.16876 | CY16: 938.10539 | CZ16: 1335.9115 | DA16: 11283.207 | DB16: 12842.002 | DC16: 13485.915 | DD16: 13961.658 | DE16: 14484.207 | DF16: 15587.473 | DG16: 16836.419 | DH16: 17067.997 | DI16: 17000.749
A17: 159 | B17: 13 | C17: Fabricação de produtos têxteis | D17: TX | E17: Textile | F17: 390.71649 | G17: 271.62222 | H17: 210.85669 | I17: 229.41646 | J17: 197.0341 | K17: 168.23064 | L17: 131.92313 | M17: 74.465417 | N17: 30.314912 | O17: 714.40218 | P17: 559.40504 | Q17: 483.19705 | R17: 532.51461 | S17: 563.29305 | T17: 564.45477 | U17: 560.34923 | V17: 547.92522 | W17: 539.95946 | X17: 0 | Y17: 0 | Z17: 0 | AA17: 0 | AB17: 0 | AC17: 0 | AD17: 0 | AE17: 0 | AF17: 0 | AG17: 0 | AH17: 0 | AI17: 0 | AJ17: 0 | AK17: 0 | AL17: 0 | AM17: 0 | AN17: 0 | AO17: 0 | AP17: 91.824977 | AQ17: 61.644207 | AR17: 52.892335 | AS17: 92.233806 | AT17: 106.04586 | AU17: 115.67924 | AV17: 115.09093 | AW17: 114.98564 | AX17: 112.85977 | AY17: 0 | AZ17: 0 | BA17: 0 | BB17: 0 | BC17: 0 | BD17: 0 | BE17: 0 | BF17: 0 | BG17: 0 | BH17: 0 | BI17: 0 | BJ17: 0 | BK17: 0 | BL17: 0 | BM17: 0 | BN17: 0 | BO17: 0 | BP17: 0 | BQ17: 0 | BR17: 0 | BS17: 0 | BT17: 0 | BU17: 0 | BV17: 0 | BW17: 0 | BX17: 0 | BY17: 0 | BZ17: 0 | CA17: 0 | CB17: 0 | CC17: 0 | CD17: 0 | CE17: 0 | CF17: 0 | CG17: 0 | CH17: 0 | CI17: 0.13201595 | CJ17: 0.040293127 | CK17: 0.026721222 | CL17: 0.080538579 | CM17: 0.015936744 | CN17: 0.015481301 | CO17: 8.3497153e-07 | CP17: 2.7357811 | CQ17: 2.8497186 | CR17: 0 | CS17: 0 | CT17: 0 | CU17: 0.3102237 | CV17: 20.540912 | CW17: 55.794524 | CX17: 102.49936 | CY17: 172.28205 | CZ17: 223.59658 | DA17: 1197.0757 | DB17: 892.71176 | DC17: 746.97279 | DD17: 854.55564 | DE17: 886.92986 | DF17: 904.17465 | DG17: 909.86265 | DH17: 912.3941 | DI17: 909.58044 | DK17: 1212 | DL17: 14.92433
A18: 167 | B18: 14 | C18: Confecção de artefatos do vestuário e acessórios | D18: TX | E18: Textile | F18: 390.71649 | G18: 271.62222 | H18: 210.85669 | I18: 229.41646 | J18: 197.0341 | K18: 168.23064 | L18: 131.92313 | M18: 74.465417 | N18: 30.314912 | O18: 714.40218 | P18: 559.40504 | Q18: 483.19705 | R18: 532.51461 | S18: 563.29305 | T18: 564.45477 | U18: 560.34923 | V18: 547.92522 | W18: 539.95946 | X18: 0 | Y18: 0 | Z18: 0 | AA18: 0 | AB18: 0 | AC18: 0 | AD18: 0 | AE18: 0 | AF18: 0 | AG18: 0 | AH18: 0 | AI18: 0 | AJ18: 0 | AK18: 0 | AL18: 0 | AM18: 0 | AN18: 0 | AO18: 0 | AP18: 91.824977 | AQ18: 61.644207 | AR18: 52.892335 | AS18: 92.233806 | AT18: 106.04586 | AU18: 115.67924 | AV18: 115.09093 | AW18: 114.98564 | AX18: 112.85977 | AY18: 0 | AZ18: 0 | BA18: 0 | BB18: 0 | BC18: 0 | BD18: 0 | BE18: 0 | BF18: 0 | BG18: 0 | BH18: 0 | BI18: 0 | BJ18: 0 | BK18: 0 | BL18: 0 | BM18: 0 | BN18: 0 | BO18: 0 | BP18: 0 | BQ18: 0 | BR18: 0 | BS18: 0 | BT18: 0 | BU18: 0 | BV18: 0 | BW18: 0 | BX18: 0 | BY18: 0 | BZ18: 0 | CA18: 0 | CB18: 0 | CC18: 0 | CD18: 0 | CE18: 0 | CF18: 0 | CG18: 0 | CH18: 0 | CI18: 0.13201595 | CJ18: 0.040293127 | CK18: 0.026721222 | CL18: 0.080538579 | CM18: 0.015936744 | CN18: 0.015481301 | CO18: 8.3497153e-07 | CP18: 2.7357811 | CQ18: 2.8497186 | CR18: 0 | CS18: 0 | CT18: 0 | CU18: 0.3102237 | CV18: 20.540912 | CW18: 55.794524 | CX18: 102.49936 | CY18: 172.28205 | CZ18: 223.59658 | DA18: 1197.0757 | DB18: 892.71176 | DC18: 746.97279 | DD18: 854.55564 | DE18: 886.92986 | DF18: 904.17465 | DG18: 909.86265 | DH18: 912.3941 | DI18: 909.58044 | DK18: 7308 | DL18: 6110.9243
B19: 15 | C19: Fabricação de calçados e de artefatos de couro | D19: TX | E19: Textile | F19: 390.71649 | G19: 271.62222 | H19: 210.85669 | I19: 229.41646 | J19: 197.0341 | K19: 168.23064 | L19: 131.92313 | M19: 74.465417 | N19: 30.314912 | O19: 714.40218 | P19: 559.40504 | Q19: 483.19705 | R19: 532.51461 | S19: 563.29305 | T19: 564.45477 | U19: 560.34923 | V19: 547.92522 | W19: 539.95946 | X19: 0 | Y19: 0 | Z19: 0 | AA19: 0 | AB19: 0 | AC19: 0 | AD19: 0 | AE19: 0 | AF19: 0 | AG19: 0 | AH19: 0 | AI19: 0 | AJ19: 0 | AK19: 0 | AL19: 0 | AM19: 0 | AN19: 0 | AO19: 0 | AP19: 91.824977 | AQ19: 61.644207 | AR19: 52.892335 | AS19: 92.233806 | AT19: 106.04586 | AU19: 115.67924 | AV19: 115.09093 | AW19: 114.98564 | AX19: 112.85977 | AY19: 0 | AZ19: 0 | BA19: 0 | BB19: 0 | BC19: 0 | BD19: 0 | BE19: 0 | BF19: 0 | BG19: 0 | BH19: 0 | BI19: 0 | BJ19: 0 | BK19: 0 | BL19: 0 | BM19: 0 | BN19: 0 | BO19: 0 | BP19: 0 | BQ19: 0 | BR19: 0 | BS19: 0 | BT19: 0 | BU19: 0 | BV19: 0 | BW19: 0 | BX19: 0 | BY19: 0 | BZ19: 0 | CA19: 0 | CB19: 0 | CC19: 0 | CD19: 0 | CE19: 0 | CF19: 0 | CG19: 0 | CH19: 0 | CI19: 0.13201595 | CJ19: 0.040293127 | CK19: 0.026721222 | CL19: 0.080538579 | CM19: 0.015936744 | CN19: 0.015481301 | CO19: 8.3497153e-07 | CP19: 2.7357811 | CQ19: 2.8497186 | CR19: 0 | CS19: 0 | CT19: 0 | CU19: 0.3102237 | CV19: 20.540912 | CW19: 55.794524 | CX19: 102.49936 | CY19: 172.28205 | CZ19: 223.59658 | DA19: 1197.0757 | DB19: 892.71176 | DC19: 746.97279 | DD19: 854.55564 | DE19: 886.92986 | DF19: 904.17465 | DG19: 909.86265 | DH19: 912.3941 | DI19: 909.58044
B20: 16 | C20: Fabricação de produtos da madeira | D20: OI | E20: Other industries | F20: 2607.7319 | G20: 2490.6076 | H20: 1337.8017 | I20: 1912.6708 | J20: 2023.9 | K20: 2009.6674 | L20: 1916.8277 | M20: 826.16119 | N20: 592.3936 | O20: 3380.2911 | P20: 3861.7713 | Q20: 3809.8136 | R20: 5209.6535 | S20: 5392.3769 | T20: 5496.635 | U20: 5510.8363 | V20: 5459.6453 | W20: 5683.4135 | X20: 0 | Y20: 0 | Z20: 0 | AA20: 0 | AB20: 0 | AC20: 0 | AD20: 0 | AE20: 0 | AF20: 0 | AG20: 0 | AH20: 0 | AI20: 0 | AJ20: 0 | AK20: 0 | AL20: 0 | AM20: 0 | AN20: 0 | AO20: 0 | AP20: 883.66051 | AQ20: 879.91266 | AR20: 818.35261 | AS20: 1290.8842 | AT20: 1431.6009 | AU20: 1571.5336 | AV20: 1706.8945 | AW20: 1844.771 | AX20: 1989.0857 | AY20: 0 | AZ20: 0 | BA20: 0 | BB20: 0 | BC20: 0 | BD20: 0 | BE20: 0 | BF20: 0 | BG20: 0 | BH20: 0 | BI20: 0 | BJ20: 0 | BK20: 0 | BL20: 0 | BM20: 0 | BN20: 0 | BO20: 0 | BP20: 0 | BQ20: 0 | BR20: 0 | BS20: 0 | BT20: 0 | BU20: 0 | BV20: 0 | BW20: 0 | BX20: 0 | BY20: 0 | BZ20: 6.4244872 | CA20: 7.0801 | CB20: 10.599295 | CC20: 20.654147 | CD20: 22.905615 | CE20: 12.417039 | CF20: 52.285556 | CG20: 56.36725 | CH20: 31.109042 | CI20: 1.4784505 | CJ20: 1.2642378 | CK20: 1.8808961 | CL20: 1.512138 | CM20: 1.7234686 | CN20: 2.7318441 | CO20: 3.3238364 | CP20: 438.59058 | CQ20: 188.08551 | CR20: 0 | CS20: 0 | CT20: 0 | CU20: 1.9766896 | CV20: 131.27309 | CW20: 441.6939 | CX20: 781.026 | CY20: 1169.2387 | CZ20: 2926.6668 | DA20: 6879.5865 | DB20: 7240.6359 | DC20: 5978.4481 | DD20: 8437.3514 | DE20: 9003.7799 | DF20: 9534.6788 | DG20: 9971.1938 | DH20: 9794.7741 | DI20: 11410.754
A21: 145 | B21: 17 | C21: Fabricação de celulose, papel e produtos de papel | D21: OI | E21: Paper | F21: 1239.0287 | G21: 1378.2046 | H21: 1477.7169 | I21: 1200.2606 | J21: 854.76989 | K21: 422.86514 | L21: 178.1771 | M21: 27.464235 | N21: 6.3849745 | O21: 0 | P21: 0 | Q21: 0 | R21: 0 | S21: 0 | T21: 0 | U21: 0 | V21: 0 | W21: 0 | X21: 110.99752 | Y21: 85.420797 | Z21: 93.217239 | AA21: 84.179021 | AB21: 50.793397 | AC21: 33.220443 | AD21: 26.069993 | AE21: 21.574866 | AF21: 19.877534 | AG21: 0 | AH21: 0 | AI21: 0 | AJ21: 0 | AK21: 0 | AL21: 0 | AM21: 0 | AN21: 0 | AO21: 0 | AP21: 1559.6175 | AQ21: 1864.9405 | AR21: 2013.2253 | AS21: 2996.8417 | AT21: 4197.6766 | AU21: 6356.5995 | AV21: 7697.157 | AW21: 8241.0845 | AX21: 8486.5097 | AY21: 0 | AZ21: 0 | BA21: 0 | BB21: 0 | BC21: 0 | BD21: 0 | BE21: 0 | BF21: 0 | BG21: 0 | BH21: 0 | BI21: 0 | BJ21: 0 | BK21: 0 | BL21: 0 | BM21: 0 | BN21: 0 | BO21: 0 | BP21: 0 | BQ21: 4710.3492 | BR21: 5836.8809 | BS21: 6866.8913 | BT21: 7515.9355 | BU21: 7962.6923 | BV21: 8440.8215 | BW21: 8854.0489 | BX21: 9169.9195 | BY21: 9398.1646 | BZ21: 0 | CA21: 0 | CB21: 0 | CC21: 0 | CD21: 0 | CE21: 0 | CF21: 0 | CG21: 0 | CH21: 0 | CI21: 1.0608753 | CJ21: 0.95912627 | CK21: 2.1442855 | CL21: 0.65283525 | CM21: 0.44765635 | CN21: 0.20863626 | CO21: 0.1134526 | CP21: 0.093653851 | CQ21: 0.87348455 | CR21: 0 | CS21: 0 | CT21: 0 | CU21: 1.8839749 | CV21: 81.194989 | CW21: 132.34459 | CX21: 121.89118 | CY21: 53.684614 | CZ21: 23.726973 | DA21: 7621.0538 | DB21: 9166.406 | DC21: 10453.195 | DD21: 11799.754 | DE21: 13147.575 | DF21: 15386.06 | DG21: 16877.458 | DH21: 17513.821 | DI21: 17935.537 | DK21: 10131 | DL21: 2509.9462
A22: 153 | B22: 18 | C22: Impressão e reprodução de gravações | D22: OI | E22: Other industries | F22: 2607.7319 | G22: 2490.6076 | H22: 1337.8017 | I22: 1912.6708 | J22: 2023.9 | K22: 2009.6674 | L22: 1916.8277 | M22: 826.16119 | N22: 592.3936 | O22: 3380.2911 | P22: 3861.7713 | Q22: 3809.8136 | R22: 5209.6535 | S22: 5392.3769 | T22: 5496.635 | U22: 5510.8363 | V22: 5459.6453 | W22: 5683.4135 | X22: 0 | Y22: 0 | Z22: 0 | AA22: 0 | AB22: 0 | AC22: 0 | AD22: 0 | AE22: 0 | AF22: 0 | AG22: 0 | AH22: 0 | AI22: 0 | AJ22: 0 | AK22: 0 | AL22: 0 | AM22: 0 | AN22: 0 | AO22: 0 | AP22: 883.66051 | AQ22: 879.91266 | AR22: 818.35261 | AS22: 1290.8842 | AT22: 1431.6009 | AU22: 1571.5336 | AV22: 1706.8945 | AW22: 1844.771 | AX22: 1989.0857 | AY22: 0 | AZ22: 0 | BA22: 0 | BB22: 0 | BC22: 0 | BD22: 0 | BE22: 0 | BF22: 0 | BG22: 0 | BH22: 0 | BI22: 0 | BJ22: 0 | BK22: 0 | BL22: 0 | BM22: 0 | BN22: 0 | BO22: 0 | BP22: 0 | BQ22: 0 | BR22: 0 | BS22: 0 | BT22: 0 | BU22: 0 | BV22: 0 | BW22: 0 | BX22: 0 | BY22: 0 | BZ22: 6.4244872 | CA22: 7.0801 | CB22: 10.599295 | CC22: 20.654147 | CD22: 22.905615 | CE22: 12.417039 | CF22: 52.285556 | CG22: 56.36725 | CH22: 31.109042 | CI22: 1.4784505 | CJ22: 1.2642378 | CK22: 1.8808961 | CL22: 1.512138 | CM22: 1.7234686 | CN22: 2.7318441 | CO22: 3.3238364 | CP22: 438.59058 | CQ22: 188.08551 | CR22: 0 | CS22: 0 | CT22: 0 | CU22: 1.9766896 | CV22: 131.27309 | CW22: 441.6939 | CX22: 781.026 | CY22: 1169.2387 | CZ22: 2926.6668 | DA22: 6879.5865 | DB22: 7240.6359 | DC22: 5978.4481 | DD22: 8437.3514 | DE22: 9003.7799 | DF22: 9534.6788 | DG22: 9971.1938 | DH22: 9794.7741 | DI22: 11410.754
A23: 89 | B23: 19 | C23: Refino de petróleo e coquerias | D23: REF | E23: Refinery | F23: 10578.805 | G23: 12585.726 | H23: 11941.108 | I23: 15052.91 | J23: 16153.071 | K23: 12832.938 | L23: 12722.021 | M23: 12186.936 | N23: 9112.6625 | O23: 1190.2594 | P23: 1752.4495 | Q23: 1702.8105 | R23: 812.35179 | S23: 895.01146 | T23: 725.23822 | U23: 821.66511 | V23: 796.5857 | W23: 541.67129 | X23: 0 | Y23: 0 | Z23: 0 | AA23: 0 | AB23: 0 | AC23: 0 | AD23: 0 | AE23: 0 | AF23: 0 | AG23: 0 | AH23: 0 | AI23: 0 | AJ23: 0 | AK23: 0 | AL23: 0 | AM23: 0 | AN23: 0 | AO23: 0 | AP23: 0 | AQ23: 0 | AR23: 0 | AS23: 0 | AT23: 0 | AU23: 0 | AV23: 0 | AW23: 0 | AX23: 0 | AY23: 0 | AZ23: 0 | BA23: 0 | BB23: 0 | BC23: 0 | BD23: 0 | BE23: 0 | BF23: 0 | BG23: 0 | BH23: 0 | BI23: 0 | BJ23: 0 | BK23: 0 | BL23: 0 | BM23: 0 | BN23: 0 | BO23: 0 | BP23: 0 | BQ23: 0 | BR23: 0 | BS23: 0 | BT23: 0 | BU23: 0 | BV23: 0 | BW23: 0 | BX23: 0 | BY23: 0 | BZ23: 0 | CA23: 0 | CB23: 0 | CC23: 0 | CD23: 0 | CE23: 0 | CF23: 0 | CG23: 0 | CH23: 0 | CI23: 0 | CJ23: 0 | CK23: 0 | CL23: 0 | CM23: 0 | CN23: 0 | CO23: 0 | CP23: 0 | CQ23: 0 | CR23: 0 | CS23: 0 | CT23: 0 | CU23: 0 | CV23: 0 | CW23: 0 | CX23: 0 | CY23: 0 | CZ23: 0 | DA23: 11769.065 | DB23: 14338.175 | DC23: 13643.918 | DD23: 15865.262 | DE23: 17048.083 | DF23: 13558.176 | DG23: 13543.686 | DH23: 12983.522 | DI23: 9654.3337
A24: 97 | B24: 20 | C24: Fabricação de biocombustíveis | D24: BIO | E24: Biofuels | F24: 0 | G24: 0 | H24: 0 | I24: 0 | J24: 0 | K24: 0 | L24: 0 | M24: 0 | N24: 0 | O24: 2191.6775 | P24: 3453.6698 | Q24: 4908.6528 | R24: 7339.6911 | S24: 7909.2833 | T24: 7520.517 | U24: 5389.2729 | V24: 5549.2734 | W24: 7806.2307 | X24: 0 | Y24: 0 | Z24: 0 | AA24: 0 | AB24: 0 | AC24: 0 | AD24: 0 | AE24: 0 | AF24: 0 | AG24: 0 | AH24: 0 | AI24: 0 | AJ24: 0 | AK24: 0 | AL24: 0 | AM24: 0 | AN24: 0 | AO24: 0 | AP24: 0 | AQ24: 0 | AR24: 0 | AS24: 0 | AT24: 0 | AU24: 0 | AV24: 5770.3672 | AW24: 34682.948 | AX24: 80436.884 | AY24: 20372.435 | AZ24: 23504.338 | BA24: 23445.108 | BB24: 31994.195 | BC24: 39127.172 | BD24: 43942.69 | BE24: 39210.569 | BF24: 29600.703 | BG24: 20012.819 | BH24: 2191.6775 | BI24: 3453.6698 | BJ24: 4908.6528 | BK24: 7339.6911 | BL24: 7909.2833 | BM24: 7520.517 | BN24: 5389.2729 | BO24: 5549.2734 | BP24: 7806.2307 | BQ24: 0 | BR24: 0 | BS24: 0 | BT24: 0 | BU24: 0 | BV24: 0 | BW24: 0 | BX24: 0 | BY24: 0 | BZ24: 0 | CA24: 0 | CB24: 0 | CC24: 0 | CD24: 0 | CE24: 0 | CF24: 0 | CG24: 0 | CH24: 0 | CI24: 0 | CJ24: 0 | CK24: 0 | CL24: 0 | CM24: 0 | CN24: 0 | CO24: 0 | CP24: 0 | CQ24: 0 | DA24: 24755.79 | DB24: 30411.677 | DC24: 33262.414 | DD24: 46673.578 | DE24: 54945.738 | DF24: 58983.724 | DG24: 55759.482 | DH24: 75382.198 | DI24: 116062.16
A25: 75 | B25: 21 | C25: Fabricação de químicos orgânicos e inorgânicos, resinas e elastômeros | D25: CH | E25: Chemical | F25: 6263.9815 | G25: 5271.4218 | H25: 4267.3188 | I25: 7465.6163 | J25: 8539.8633 | K25: 8631.3276 | L25: 7667.2478 | M25: 5302.2016 | N25: 2452.2208 | O25: 60.135246 | P25: 1943.1038 | Q25: 1744.0559 | R25: 2154.5341 | S25: 2471.832 | T25: 2818.8265 | U25: 3101.368 | V25: 3316.7668 | W25: 3458.5952 | X25: 0 | Y25: 0 | Z25: 0 | AA25: 0 | AB25: 0 | AC25: 0 | AD25: 0 | AE25: 0 | AF25: 0 | AG25: 0 | AH25: 0 | AI25: 0 | AJ25: 0 | AK25: 0 | AL25: 0 | AM25: 0 | AN25: 0 | AO25: 0 | AP25: 143.12198 | AQ25: 135.15156 | AR25: 126.92068 | AS25: 0 | AT25: 0 | AU25: 0 | AV25: 0 | AW25: 0 | AX25: 0 | AY25: 0 | AZ25: 0 | BA25: 0 | BB25: 0 | BC25: 0 | BD25: 0 | BE25: 0 | BF25: 0 | BG25: 0 | BH25: 0 | BI25: 0 | BJ25: 0 | BK25: 0 | BL25: 0 | BM25: 0 | BN25: 0 | BO25: 0 | BP25: 0 | BQ25: 199.66628 | BR25: 221.85119 | BS25: 199.66628 | BT25: 199.66628 | BU25: 764.49839 | BV25: 1054.8323 | BW25: 1613.7647 | BX25: 2222.0993 | BY25: 3044.434 | BZ25: 0 | CA25: 0 | CB25: 0 | CC25: 0 | CD25: 0 | CE25: 0 | CF25: 0 | CG25: 0 | CH25: 0 | CI25: 0.53166708 | CJ25: 0.43125629 | CK25: 0.42710107 | CL25: 1.883691 | CM25: 2.2924495 | CN25: 2.7529691 | CO25: 3.3490522 | CP25: 30.063745 | CQ25: 195.00697 | CR25: 0 | CS25: 0 | CT25: 0 | CU25: 9.9755945 | CV25: 740.21209 | CW25: 2507.3259 | CX25: 5288.0821 | CY25: 9001.4219 | CZ25: 12870.355 | DA25: 6667.4366 | DB25: 7571.9596 | DC25: 6338.3887 | DD25: 9831.6759 | DE25: 12518.698 | DF25: 15015.065 | DG25: 17673.812 | DH25: 19872.553 | DI25: 22020.612 | DK25: 7214 | DL25: 546.56337 | DN25: derivados muito alto
A26: 83 | B26: 22 | C26: Fabricação de defensivos, desinfestantes, tintas e químicos diversos | D26: CH | E26: Chemical | F26: 6263.9815 | G26: 5271.4218 | H26: 4267.3188 | I26: 7465.6163 | J26: 8539.8633 | K26: 8631.3276 | L26: 7667.2478 | M26: 5302.2016 | N26: 2452.2208 | O26: 60.135246 | P26: 1943.1038 | Q26: 1744.0559 | R26: 2154.5341 | S26: 2471.832 | T26: 2818.8265 | U26: 3101.368 | V26: 3316.7668 | W26: 3458.5952 | X26: 0 | Y26: 0 | Z26: 0 | AA26: 0 | AB26: 0 | AC26: 0 | AD26: 0 | AE26: 0 | AF26: 0 | AG26: 0 | AH26: 0 | AI26: 0 | AJ26: 0 | AK26: 0 | AL26: 0 | AM26: 0 | AN26: 0 | AO26: 0 | AP26: 143.12198 | AQ26: 135.15156 | AR26: 126.92068 | AS26: 0 | AT26: 0 | AU26: 0 | AV26: 0 | AW26: 0 | AX26: 0 | AY26: 0 | AZ26: 0 | BA26: 0 | BB26: 0 | BC26: 0 | BD26: 0 | BE26: 0 | BF26: 0 | BG26: 0 | BH26: 0 | BI26: 0 | BJ26: 0 | BK26: 0 | BL26: 0 | BM26: 0 | BN26: 0 | BO26: 0 | BP26: 0 | BQ26: 0 | BR26: 0 | BS26: 0 | BT26: 0 | BU26: 0 | BV26: 0 | BW26: 0 | BX26: 0 | BY26: 0 | BZ26: 0 | CA26: 0 | CB26: 0 | CC26: 0 | CD26: 0 | CE26: 0 | CF26: 0 | CG26: 0 | CH26: 0 | CI26: 0.53166708 | CJ26: 0.43125629 | CK26: 0.42710107 | CL26: 1.883691 | CM26: 2.2924495 | CN26: 2.7529691 | CO26: 3.3490522 | CP26: 30.063745 | CQ26: 195.00697 | CR26: 0 | CS26: 0 | CT26: 0 | CU26: 9.9755945 | CV26: 740.21209 | CW26: 2507.3259 | CX26: 5288.0821 | CY26: 9001.4219 | CZ26: 12870.355 | DA26: 6467.7703 | DB26: 7350.1084 | DC26: 6138.7224 | DD26: 9632.0096 | DE26: 11754.2 | DF26: 13960.233 | DG26: 16060.047 | DH26: 17650.454 | DI26: 18976.178
B27: 23 | C27: Fabricação de produtos de limpeza, cosméticos/perfumaria e higiene pessoal | D27: CH | E27: Chemical | F27: 6263.9815 | G27: 5271.4218 | H27: 4267.3188 | I27: 7465.6163 | J27: 8539.8633 | K27: 8631.3276 | L27: 7667.2478 | M27: 5302.2016 | N27: 2452.2208 | O27: 60.135246 | P27: 1943.1038 | Q27: 1744.0559 | R27: 2154.5341 | S27: 2471.832 | T27: 2818.8265 | U27: 3101.368 | V27: 3316.7668 | W27: 3458.5952 | X27: 0 | Y27: 0 | Z27: 0 | AA27: 0 | AB27: 0 | AC27: 0 | AD27: 0 | AE27: 0 | AF27: 0 | AG27: 0 | AH27: 0 | AI27: 0 | AJ27: 0 | AK27: 0 | AL27: 0 | AM27: 0 | AN27: 0 | AO27: 0 | AP27: 143.12198 | AQ27: 135.15156 | AR27: 126.92068 | AS27: 0 | AT27: 0 | AU27: 0 | AV27: 0 | AW27: 0 | AX27: 0 | AY27: 0 | AZ27: 0 | BA27: 0 | BB27: 0 | BC27: 0 | BD27: 0 | BE27: 0 | BF27: 0 | BG27: 0 | BH27: 0 | BI27: 0 | BJ27: 0 | BK27: 0 | BL27: 0 | BM27: 0 | BN27: 0 | BO27: 0 | BP27: 0 | BQ27: 0 | BR27: 0 | BS27: 0 | BT27: 0 | BU27: 0 | BV27: 0 | BW27: 0 | BX27: 0 | BY27: 0 | BZ27: 0 | CA27: 0 | CB27: 0 | CC27: 0 | CD27: 0 | CE27: 0 | CF27: 0 | CG27: 0 | CH27: 0 | CI27: 0.53166708 | CJ27: 0.43125629 | CK27: 0.42710107 | CL27: 1.883691 | CM27: 2.2924495 | CN27: 2.7529691 | CO27: 3.3490522 | CP27: 30.063745 | CQ27: 195.00697 | CR27: 0 | CS27: 0 | CT27: 0 | CU27: 9.9755945 | CV27: 740.21209 | CW27: 2507.3259 | CX27: 5288.0821 | CY27: 9001.4219 | CZ27: 12870.355 | DA27: 6467.7703 | DB27: 7350.1084 | DC27: 6138.7224 | DD27: 9632.0096 | DE27: 11754.2 | DF27: 13960.233 | DG27: 16060.047 | DH27: 17650.454 | DI27: 18976.178
B28: 24 | C28: Fabricação de produtos farmoquímicos e farmacêuticos | D28: CH | E28: Chemical | F28: 6263.9815 | G28: 5271.4218 | H28: 4267.3188 | I28: 7465.6163 | J28: 8539.8633 | K28: 8631.3276 | L28: 7667.2478 | M28: 5302.2016 | N28: 2452.2208 | O28: 60.135246 | P28: 1943.1038 | Q28: 1744.0559 | R28: 2154.5341 | S28: 2471.832 | T28: 2818.8265 | U28: 3101.368 | V28: 3316.7668 | W28: 3458.5952 | X28: 0 | Y28: 0 | Z28: 0 | AA28: 0 | AB28: 0 | AC28: 0 | AD28: 0 | AE28: 0 | AF28: 0 | AG28: 0 | AH28: 0 | AI28: 0 | AJ28: 0 | AK28: 0 | AL28: 0 | AM28: 0 | AN28: 0 | AO28: 0 | AP28: 143.12198 | AQ28: 135.15156 | AR28: 126.92068 | AS28: 0 | AT28: 0 | AU28: 0 | AV28: 0 | AW28: 0 | AX28: 0 | AY28: 0 | AZ28: 0 | BA28: 0 | BB28: 0 | BC28: 0 | BD28: 0 | BE28: 0 | BF28: 0 | BG28: 0 | BH28: 0 | BI28: 0 | BJ28: 0 | BK28: 0 | BL28: 0 | BM28: 0 | BN28: 0 | BO28: 0 | BP28: 0 | BQ28: 0 | BR28: 0 | BS28: 0 | BT28: 0 | BU28: 0 | BV28: 0 | BW28: 0 | BX28: 0 | BY28: 0 | BZ28: 0 | CA28: 0 | CB28: 0 | CC28: 0 | CD28: 0 | CE28: 0 | CF28: 0 | CG28: 0 | CH28: 0 | CI28: 0.53166708 | CJ28: 0.43125629 | CK28: 0.42710107 | CL28: 1.883691 | CM28: 2.2924495 | CN28: 2.7529691 | CO28: 3.3490522 | CP28: 30.063745 | CQ28: 195.00697 | CR28: 0 | CS28: 0 | CT28: 0 | CU28: 9.9755945 | CV28: 740.21209 | CW28: 2507.3259 | CX28: 5288.0821 | CY28: 9001.4219 | CZ28: 12870.355 | DA28: 6467.7703 | DB28: 7350.1084 | DC28: 6138.7224 | DD28: 9632.0096 | DE28: 11754.2 | DF28: 13960.233 | DG28: 16060.047 | DH28: 17650.454 | DI28: 18976.178
B29: 25 | C29: Fabricação de produtos de borracha e de material plástico | D29: CH | E29: Chemical | F29: 6263.9815 | G29: 5271.4218 | H29: 4267.3188 | I29: 7465.6163 | J29: 8539.8633 | K29: 8631.3276 | L29: 7667.2478 | M29: 5302.2016 | N29: 2452.2208 | O29: 60.135246 | P29: 1943.1038 | Q29: 1744.0559 | R29: 2154.5341 | S29: 2471.832 | T29: 2818.8265 | U29: 3101.368 | V29: 3316.7668 | W29: 3458.5952 | X29: 0 | Y29: 0 | Z29: 0 | AA29: 0 | AB29: 0 | AC29: 0 | AD29: 0 | AE29: 0 | AF29: 0 | AG29: 0 | AH29: 0 | AI29: 0 | AJ29: 0 | AK29: 0 | AL29: 0 | AM29: 0 | AN29: 0 | AO29: 0 | AP29: 143.12198 | AQ29: 135.15156 | AR29: 126.92068 | AS29: 0 | AT29: 0 | AU29: 0 | AV29: 0 | AW29: 0 | AX29: 0 | AY29: 0 | AZ29: 0 | BA29: 0 | BB29: 0 | BC29: 0 | BD29: 0 | BE29: 0 | BF29: 0 | BG29: 0 | BH29: 0 | BI29: 0 | BJ29: 0 | BK29: 0 | BL29: 0 | BM29: 0 | BN29: 0 | BO29: 0 | BP29: 0 | BQ29: 0 | BR29: 0 | BS29: 0 | BT29: 0 | BU29: 0 | BV29: 0 | BW29: 0 | BX29: 0 | BY29: 0 | BZ29: 0 | CA29: 0 | CB29: 0 | CC29: 0 | CD29: 0 | CE29: 0 | CF29: 0 | CG29: 0 | CH29: 0 | CI29: 0.53166708 | CJ29: 0.43125629 | CK29: 0.42710107 | CL29: 1.883691 | CM29: 2.2924495 | CN29: 2.7529691 | CO29: 3.3490522 | CP29: 30.063745 | CQ29: 195.00697 | CR29: 0 | CS29: 0 | CT29: 0 | CU29: 9.9755945 | CV29: 740.21209 | CW29: 2507.3259 | CX29: 5288.0821 | CY29: 9001.4219 | CZ29: 12870.355 | DA29: 6467.7703 | DB29: 7350.1084 | DC29: 6138.7224 | DD29: 9632.0096 | DE29: 11754.2 | DF29: 13960.233 | DG29: 16060.047 | DH29: 17650.454 | DI29: 18976.178
B30: 26 | C30: Fabricação de produtos de minerais não-metálicos (cimento e cerâmica) | D30: CE | E30: Cement and ceramics | F30: 5060.7283 | G30: 5038.9854 | H30: 4121.2701 | I30: 4800.7751 | J30: 4461.6874 | K30: 3986.9849 | L30: 3427.7206 | M30: 2629.897 | N30: 1637.1205 | O30: 849.44762 | P30: 947.17402 | Q30: 848.33501 | R30: 1126.43 | S30: 1210.6284 | T30: 1236.2664 | U30: 1250.2313 | V30: 1244.3118 | W30: 1232.3098 | X30: 52.364541 | Y30: 70.746633 | Z30: 14.044765 | AA30: 172.76726 | AB30: 206.81573 | AC30: 318.39148 | AD30: 429.41845 | AE30: 562.895 | AF30: 582.58844 | AG30: 63.296189 | AH30: 109.8038 | AI30: 102.26585 | AJ30: 99.262149 | AK30: 265.13144 | AL30: 380.90536 | AM30: 495.46921 | AN30: 635.02344 | AO30: 836.71224 | AP30: 2264.1643 | AQ30: 2399.0486 | AR30: 1940.2718 | AS30: 2250.0296 | AT30: 2461.566 | AU30: 2705.6002 | AV30: 2984.6411 | AW30: 3225.4045 | AX30: 3395.3465 | AY30: 0 | AZ30: 0 | BA30: 0 | BB30: 0 | BC30: 0 | BD30: 0 | BE30: 0 | BF30: 0 | BG30: 0 | BH30: 0 | BI30: 0 | BJ30: 0 | BK30: 0 | BL30: 0 | BM30: 0 | BN30: 0 | BO30: 0 | BP30: 0 | BQ30: 0 | BR30: 0 | BS30: 0 | BT30: 0 | BU30: 0 | BV30: 0 | BW30: 0 | BX30: 0 | BY30: 0 | BZ30: 0 | CA30: 0 | CB30: 0 | CC30: 0 | CD30: 0 | CE30: 0 | CF30: 0 | CG30: 0 | CH30: 0 | CI30: 1.1418597 | CJ30: 0.88742121 | CK30: 1.5065709 | CL30: 1.1344866 | CM30: 1.8038304 | CN30: 1.6273472 | CO30: 1.9815539 | CP30: 103.35791 | CQ30: 324.43435 | CR30: 0 | CS30: 0 | CT30: 0 | CU30: 2.5042551 | CV30: 154.2242 | CW30: 841.87838 | CX30: 1660.3236 | CY30: 2815.8607 | CZ30: 4051.8115 | DA30: 8291.1428 | DB30: 8566.6459 | DC30: 7027.6941 | DD30: 8452.9028 | DE30: 8761.857 | DF30: 9471.654 | DG30: 10249.786 | DH30: 11216.75 | DI30: 12060.323 | DK30: 8642 | DL30: 350.85722
A31: 103 | B31: 27 | C31: Produção de ferro-gusa/ferroligas, siderurgia e tubos de aço sem costura | D31: IS | E31: Iron and Steel | F31: 1062.5766 | G31: 1249.6955 | H31: 1153.5393 | I31: 1131.8313 | J31: 1231.0665 | K31: 1083.2059 | L31: 1121.3101 | M31: 940.91333 | N31: 532.69011 | O31: 1028.6576 | P31: 892.19861 | Q31: 949.63573 | R31: 832.07112 | S31: 1036.7438 | T31: 969.23737 | U31: 1569.4865 | V31: 2285.0429 | W31: 3158.3795 | X31: 5566.2955 | Y31: 5917.4898 | Z31: 5327.3077 | AA31: 6527.4474 | AB31: 6378.9699 | AC31: 8035.9245 | AD31: 6571.7663 | AE31: 6571.377 | AF31: 7396.4645 | AG31: 3373.169 | AH31: 2988.7367 | AI31: 3040.0376 | AJ31: 2665.6121 | AK31: 4429.3224 | AL31: 2364.1816 | AM31: 6624.6964 | AN31: 6728.2254 | AO31: 3555.3057 | AP31: 0 | AQ31: 0 | AR31: 0 | AS31: 0 | AT31: 0 | AU31: 0 | AV31: 0 | AW31: 0 | AX31: 0 | AY31: 0 | AZ31: 0 | BA31: 0 | BB31: 0 | BC31: 0 | BD31: 0 | BE31: 0 | BF31: 0 | BG31: 0 | BH31: 0 | BI31: 0 | BJ31: 0 | BK31: 0 | BL31: 0 | BM31: 0 | BN31: 0 | BO31: 0 | BP31: 0 | BQ31: 0 | BR31: 0 | BS31: 0 | BT31: 0 | BU31: 0 | BV31: 0 | BW31: 0 | BX31: 0 | BY31: 0 | BZ31: 0 | CA31: 0 | CB31: 0 | CC31: 0 | CD31: 0 | CE31: 0 | CF31: 0 | CG31: 0 | CH31: 0 | CI31: 0.33666356 | CJ31: 0.0027948781 | CK31: 0.017779006 | CL31: 0.007802742 | CM31: 0.0098479816 | CN31: 0.0095665447 | CO31: 0.015418056 | CP31: 0.19589148 | CQ31: 2.8329164 | CR31: 0 | CS31: 0 | CT31: 0 | CU31: 2.3053037 | CV31: 148.85099 | CW31: 427.75719 | CX31: 1027.0403 | CY31: 2160.6018 | CZ31: 3853.2599 | DA31: 11031.035 | DB31: 11048.123 | DC31: 10470.538 | DD31: 11159.275 | DE31: 13224.963 | DF31: 12880.316 | DG31: 16914.315 | DH31: 18686.356 | DI31: 18498.933 | DK31: 16445 | DL31: 5413.9646
A32: 111 | B32: 28 | C32: Metalurgia de metais não-ferosos e a fundição de metais | D32: OI | E32: Metallurgy | F32: 2527.2827 | G32: 2372.3073 | H32: 1622.4365 | I32: 2177.9764 | J32: 2283.8436 | K32: 2314.0391 | L32: 2323.451 | M32: 2195.8931 | N32: 1757.0267 | O32: 0 | P32: 0 | Q32: 0 | R32: 0 | S32: 0 | T32: 0 | U32: 0 | V32: 0 | W32: 0 | X32: 774.62571 | Y32: 926.33543 | Z32: 962.41442 | AA32: 945.5595 | AB32: 705.94505 | AC32: 604.88256 | AD32: 416.04527 | AE32: 216.31287 | AF32: 44.284125 | AG32: 9.087378 | AH32: 11.139475 | AI32: 9.8709161 | AJ32: 9.9058639 | AK32: 5.540328 | AL32: 4.7471792 | AM32: 3.2651653 | AN32: 1.6976454 | AO32: 0.34754658 | AP32: 0 | AQ32: 0 | AR32: 0 | AS32: 0 | AT32: 0 | AU32: 0 | AV32: 0 | AW32: 0 | AX32: 0 | AY32: 0 | AZ32: 0 | BA32: 0 | BB32: 0 | BC32: 0 | BD32: 0 | BE32: 0 | BF32: 0 | BG32: 0 | BH32: 0 | BI32: 0 | BJ32: 0 | BK32: 0 | BL32: 0 | BM32: 0 | BN32: 0 | BO32: 0 | BP32: 0 | BQ32: 0 | BR32: 0 | BS32: 0 | BT32: 0 | BU32: 0 | BV32: 0 | BW32: 0 | BX32: 0 | BY32: 0 | BZ32: 0 | CA32: 0 | CB32: 0 | CC32: 0 | CD32: 0 | CE32: 0 | CF32: 0 | CG32: 0 | CH32: 0 | CI32: 3.3881327 | CJ32: 3.285519 | CK32: 6.1112036 | CL32: 3.9382229 | CM32: 4.3897504 | CN32: 4.5942874 | CO32: 5.2073548 | CP32: 109.66174 | CQ32: 552.8305 | CR32: 0 | CS32: 0 | CT32: 0 | CU32: 0.91838583 | CV32: 49.665293 | CW32: 116.86338 | CX32: 143.19362 | CY32: 115.58207 | CZ32: 31.535911 | DA32: 3314.384 | DB32: 3313.0678 | DC32: 2600.8331 | DD32: 3138.2984 | DE32: 3049.384 | DF32: 3045.1265 | DG32: 2891.1624 | DH32: 2639.1474 | DI32: 2386.0248 | DK32: 6492 | DL32: 3177.616
A33: 173 | B33: 29 | C33: Fabricação de produtos de metal, exceto máquinas e equipamentos | D33: OI | E33: Other industries | F33: 2607.7319 | G33: 2490.6076 | H33: 1337.8017 | I33: 1912.6708 | J33: 2023.9 | K33: 2009.6674 | L33: 1916.8277 | M33: 826.16119 | N33: 592.3936 | O33: 3380.2911 | P33: 3861.7713 | Q33: 3809.8136 | R33: 5209.6535 | S33: 5392.3769 | T33: 5496.635 | U33: 5510.8363 | V33: 5459.6453 | W33: 5683.4135 | X33: 0 | Y33: 0 | Z33: 0 | AA33: 0 | AB33: 0 | AC33: 0 | AD33: 0 | AE33: 0 | AF33: 0 | AG33: 0 | AH33: 0 | AI33: 0 | AJ33: 0 | AK33: 0 | AL33: 0 | AM33: 0 | AN33: 0 | AO33: 0 | AP33: 883.66051 | AQ33: 879.91266 | AR33: 818.35261 | AS33: 1290.8842 | AT33: 1431.6009 | AU33: 1571.5336 | AV33: 1706.8945 | AW33: 1844.771 | AX33: 1989.0857 | AY33: 0 | AZ33: 0 | BA33: 0 | BB33: 0 | BC33: 0 | BD33: 0 | BE33: 0 | BF33: 0 | BG33: 0 | BH33: 0 | BI33: 0 | BJ33: 0 | BK33: 0 | BL33: 0 | BM33: 0 | BN33: 0 | BO33: 0 | BP33: 0 | BQ33: 0 | BR33: 0 | BS33: 0 | BT33: 0 | BU33: 0 | BV33: 0 | BW33: 0 | BX33: 0 | BY33: 0 | BZ33: 6.4244872 | CA33: 7.0801 | CB33: 10.599295 | CC33: 20.654147 | CD33: 22.905615 | CE33: 12.417039 | CF33: 52.285556 | CG33: 56.36725 | CH33: 31.109042 | CI33: 1.4784505 | CJ33: 1.2642378 | CK33: 1.8808961 | CL33: 1.512138 | CM33: 1.7234686 | CN33: 2.7318441 | CO33: 3.3238364 | CP33: 438.59058 | CQ33: 188.08551 | CR33: 0 | CS33: 0 | CT33: 0 | CU33: 1.9766896 | CV33: 131.27309 | CW33: 441.6939 | CX33: 781.026 | CY33: 1169.2387 | CZ33: 2926.6668 | DA33: 6879.5865 | DB33: 7240.6359 | DC33: 5978.4481 | DD33: 8437.3514 | DE33: 9003.7799 | DF33: 9534.6788 | DG33: 9971.1938 | DH33: 9794.7741 | DI33: 11410.754
A34: 181 | B34: 30 | C34: Fabricação de equipamentos de informática, produtos eletrônicos e ópticos | D34: OI | E34: Other industries | F34: 2607.7319 | G34: 2490.6076 | H34: 1337.8017 | I34: 1912.6708 | J34: 2023.9 | K34: 2009.6674 | L34: 1916.8277 | M34: 826.16119 | N34: 592.3936 | O34: 3380.2911 | P34: 3861.7713 | Q34: 3809.8136 | R34: 5209.6535 | S34: 5392.3769 | T34: 5496.635 | U34: 5510.8363 | V34: 5459.6453 | W34: 5683.4135 | X34: 0 | Y34: 0 | Z34: 0 | AA34: 0 | AB34: 0 | AC34: 0 | AD34: 0 | AE34: 0 | AF34: 0 | AG34: 0 | AH34: 0 | AI34: 0 | AJ34: 0 | AK34: 0 | AL34: 0 | AM34: 0 | AN34: 0 | AO34: 0 | AP34: 883.66051 | AQ34: 879.91266 | AR34: 818.35261 | AS34: 1290.8842 | AT34: 1431.6009 | AU34: 1571.5336 | AV34: 1706.8945 | AW34: 1844.771 | AX34: 1989.0857 | AY34: 0 | AZ34: 0 | BA34: 0 | BB34: 0 | BC34: 0 | BD34: 0 | BE34: 0 | BF34: 0 | BG34: 0 | BH34: 0 | BI34: 0 | BJ34: 0 | BK34: 0 | BL34: 0 | BM34: 0 | BN34: 0 | BO34: 0 | BP34: 0 | BQ34: 0 | BR34: 0 | BS34: 0 | BT34: 0 | BU34: 0 | BV34: 0 | BW34: 0 | BX34: 0 | BY34: 0 | BZ34: 6.4244872 | CA34: 7.0801 | CB34: 10.599295 | CC34: 20.654147 | CD34: 22.905615 | CE34: 12.417039 | CF34: 52.285556 | CG34: 56.36725 | CH34: 31.109042 | CI34: 1.4784505 | CJ34: 1.2642378 | CK34: 1.8808961 | CL34: 1.512138 | CM34: 1.7234686 | CN34: 2.7318441 | CO34: 3.3238364 | CP34: 438.59058 | CQ34: 188.08551 | CR34: 0 | CS34: 0 | CT34: 0 | CU34: 1.9766896 | CV34: 131.27309 | CW34: 441.6939 | CX34: 781.026 | CY34: 1169.2387 | CZ34: 2926.6668 | DA34: 6879.5865 | DB34: 7240.6359 | DC34: 5978.4481 | DD34: 8437.3514 | DE34: 9003.7799 | DF34: 9534.6788 | DG34: 9971.1938 | DH34: 9794.7741 | DI34: 11410.754
B35: 31 | C35: Fabricação de máquinas e equipamentos elétricos | D35: OI | E35: Other industries | F35: 2607.7319 | G35: 2490.6076 | H35: 1337.8017 | I35: 1912.6708 | J35: 2023.9 | K35: 2009.6674 | L35: 1916.8277 | M35: 826.16119 | N35: 592.3936 | O35: 3380.2911 | P35: 3861.7713 | Q35: 3809.8136 | R35: 5209.6535 | S35: 5392.3769 | T35: 5496.635 | U35: 5510.8363 | V35: 5459.6453 | W35: 5683.4135 | X35: 0 | Y35: 0 | Z35: 0 | AA35: 0 | AB35: 0 | AC35: 0 | AD35: 0 | AE35: 0 | AF35: 0 | AG35: 0 | AH35: 0 | AI35: 0 | AJ35: 0 | AK35: 0 | AL35: 0 | AM35: 0 | AN35: 0 | AO35: 0 | AP35: 883.66051 | AQ35: 879.91266 | AR35: 818.35261 | AS35: 1290.8842 | AT35: 1431.6009 | AU35: 1571.5336 | AV35: 1706.8945 | AW35: 1844.771 | AX35: 1989.0857 | AY35: 0 | AZ35: 0 | BA35: 0 | BB35: 0 | BC35: 0 | BD35: 0 | BE35: 0 | BF35: 0 | BG35: 0 | BH35: 0 | BI35: 0 | BJ35: 0 | BK35: 0 | BL35: 0 | BM35: 0 | BN35: 0 | BO35: 0 | BP35: 0 | BQ35: 0 | BR35: 0 | BS35: 0 | BT35: 0 | BU35: 0 | BV35: 0 | BW35: 0 | BX35: 0 | BY35: 0 | BZ35: 6.4244872 | CA35: 7.0801 | CB35: 10.599295 | CC35: 20.654147 | CD35: 22.905615 | CE35: 12.417039 | CF35: 52.285556 | CG35: 56.36725 | CH35: 31.109042 | CI35: 1.4784505 | CJ35: 1.2642378 | CK35: 1.8808961 | CL35: 1.512138 | CM35: 1.7234686 | CN35: 2.7318441 | CO35: 3.3238364 | CP35: 438.59058 | CQ35: 188.08551 | CR35: 0 | CS35: 0 | CT35: 0 | CU35: 1.9766896 | CV35: 131.27309 | CW35: 441.6939 | CX35: 781.026 | CY35: 1169.2387 | CZ35: 2926.6668 | DA35: 6879.5865 | DB35: 7240.6359 | DC35: 5978.4481 | DD35: 8437.3514 | DE35: 9003.7799 | DF35: 9534.6788 | DG35: 9971.1938 | DH35: 9794.7741 | DI35: 11410.754
B36: 32 | C36: Fabricação de máquinas e equipamentos mecânicos | D36: OI | E36: Other industries | F36: 2607.7319 | G36: 2490.6076 | H36: 1337.8017 | I36: 1912.6708 | J36: 2023.9 | K36: 2009.6674 | L36: 1916.8277 | M36: 826.16119 | N36: 592.3936 | O36: 3380.2911 | P36: 3861.7713 | Q36: 3809.8136 | R36: 5209.6535 | S36: 5392.3769 | T36: 5496.635 | U36: 5510.8363 | V36: 5459.6453 | W36: 5683.4135 | X36: 0 | Y36: 0 | Z36: 0 | AA36: 0 | AB36: 0 | AC36: 0 | AD36: 0 | AE36: 0 | AF36: 0 | AG36: 0 | AH36: 0 | AI36: 0 | AJ36: 0 | AK36: 0 | AL36: 0 | AM36: 0 | AN36: 0 | AO36: 0 | AP36: 883.66051 | AQ36: 879.91266 | AR36: 818.35261 | AS36: 1290.8842 | AT36: 1431.6009 | AU36: 1571.5336 | AV36: 1706.8945 | AW36: 1844.771 | AX36: 1989.0857 | AY36: 0 | AZ36: 0 | BA36: 0 | BB36: 0 | BC36: 0 | BD36: 0 | BE36: 0 | BF36: 0 | BG36: 0 | BH36: 0 | BI36: 0 | BJ36: 0 | BK36: 0 | BL36: 0 | BM36: 0 | BN36: 0 | BO36: 0 | BP36: 0 | BQ36: 0 | BR36: 0 | BS36: 0 | BT36: 0 | BU36: 0 | BV36: 0 | BW36: 0 | BX36: 0 | BY36: 0 | BZ36: 6.4244872 | CA36: 7.0801 | CB36: 10.599295 | CC36: 20.654147 | CD36: 22.905615 | CE36: 12.417039 | CF36: 52.285556 | CG36: 56.36725 | CH36: 31.109042 | CI36: 1.4784505 | CJ36: 1.2642378 | CK36: 1.8808961 | CL36: 1.512138 | CM36: 1.7234686 | CN36: 2.7318441 | CO36: 3.3238364 | CP36: 438.59058 | CQ36: 188.08551 | CR36: 0 | CS36: 0 | CT36: 0 | CU36: 1.9766896 | CV36: 131.27309 | CW36: 441.6939 | CX36: 781.026 | CY36: 1169.2387 | CZ36: 2926.6668 | DA36: 6879.5865 | DB36: 7240.6359 | DC36: 5978.4481 | DD36: 8437.3514 | DE36: 9003.7799 | DF36: 9534.6788 | DG36: 9971.1938 | DH36: 9794.7741 | DI36: 11410.754
B37: 33 | C37: Fabricação de automóveis, caminhões e ônibus, exceto peças | D37: OI | E37: Other industries | F37: 2607.7319 | G37: 2490.6076 | H37: 1337.8017 | I37: 1912.6708 | J37: 2023.9 | K37: 2009.6674 | L37: 1916.8277 | M37: 826.16119 | N37: 592.3936 | O37: 3380.2911 | P37: 3861.7713 | Q37: 3809.8136 | R37: 5209.6535 | S37: 5392.3769 | T37: 5496.635 | U37: 5510.8363 | V37: 5459.6453 | W37: 5683.4135 | X37: 0 | Y37: 0 | Z37: 0 | AA37: 0 | AB37: 0 | AC37: 0 | AD37: 0 | AE37: 0 | AF37: 0 | AG37: 0 | AH37: 0 | AI37: 0 | AJ37: 0 | AK37: 0 | AL37: 0 | AM37: 0 | AN37: 0 | AO37: 0 | AP37: 883.66051 | AQ37: 879.91266 | AR37: 818.35261 | AS37: 1290.8842 | AT37: 1431.6009 | AU37: 1571.5336 | AV37: 1706.8945 | AW37: 1844.771 | AX37: 1989.0857 | AY37: 0 | AZ37: 0 | BA37: 0 | BB37: 0 | BC37: 0 | BD37: 0 | BE37: 0 | BF37: 0 | BG37: 0 | BH37: 0 | BI37: 0 | BJ37: 0 | BK37: 0 | BL37: 0 | BM37: 0 | BN37: 0 | BO37: 0 | BP37: 0 | BQ37: 0 | BR37: 0 | BS37: 0 | BT37: 0 | BU37: 0 | BV37: 0 | BW37: 0 | BX37: 0 | BY37: 0 | BZ37: 6.4244872 | CA37: 7.0801 | CB37: 10.599295 | CC37: 20.654147 | CD37: 22.905615 | CE37: 12.417039 | CF37: 52.285556 | CG37: 56.36725 | CH37: 31.109042 | CI37: 1.4784505 | CJ37: 1.2642378 | CK37: 1.8808961 | CL37: 1.512138 | CM37: 1.7234686 | CN37: 2.7318441 | CO37: 3.3238364 | CP37: 438.59058 | CQ37: 188.08551 | CR37: 0 | CS37: 0 | CT37: 0 | CU37: 1.9766896 | CV37: 131.27309 | CW37: 441.6939 | CX37: 781.026 | CY37: 1169.2387 | CZ37: 2926.6668 | DA37: 6879.5865 | DB37: 7240.6359 | DC37: 5978.4481 | DD37: 8437.3514 | DE37: 9003.7799 | DF37: 9534.6788 | DG37: 9971.1938 | DH37: 9794.7741 | DI37: 11410.754
B38: 34 | C38: Fabricação de peças e acessórios para veículos automotores | D38: OI | E38: Other industries | F38: 2607.7319 | G38: 2490.6076 | H38: 1337.8017 | I38: 1912.6708 | J38: 2023.9 | K38: 2009.6674 | L38: 1916.8277 | M38: 826.16119 | N38: 592.3936 | O38: 3380.2911 | P38: 3861.7713 | Q38: 3809.8136 | R38: 5209.6535 | S38: 5392.3769 | T38: 5496.635 | U38: 5510.8363 | V38: 5459.6453 | W38: 5683.4135 | X38: 0 | Y38: 0 | Z38: 0 | AA38: 0 | AB38: 0 | AC38: 0 | AD38: 0 | AE38: 0 | AF38: 0 | AG38: 0 | AH38: 0 | AI38: 0 | AJ38: 0 | AK38: 0 | AL38: 0 | AM38: 0 | AN38: 0 | AO38: 0 | AP38: 883.66051 | AQ38: 879.91266 | AR38: 818.35261 | AS38: 1290.8842 | AT38: 1431.6009 | AU38: 1571.5336 | AV38: 1706.8945 | AW38: 1844.771 | AX38: 1989.0857 | AY38: 0 | AZ38: 0 | BA38: 0 | BB38: 0 | BC38: 0 | BD38: 0 | BE38: 0 | BF38: 0 | BG38: 0 | BH38: 0 | BI38: 0 | BJ38: 0 | BK38: 0 | BL38: 0 | BM38: 0 | BN38: 0 | BO38: 0 | BP38: 0 | BQ38: 0 | BR38: 0 | BS38: 0 | BT38: 0 | BU38: 0 | BV38: 0 | BW38: 0 | BX38: 0 | BY38: 0 | BZ38: 6.4244872 | CA38: 7.0801 | CB38: 10.599295 | CC38: 20.654147 | CD38: 22.905615 | CE38: 12.417039 | CF38: 52.285556 | CG38: 56.36725 | CH38: 31.109042 | CI38: 1.4784505 | CJ38: 1.2642378 | CK38: 1.8808961 | CL38: 1.512138 | CM38: 1.7234686 | CN38: 2.7318441 | CO38: 3.3238364 | CP38: 438.59058 | CQ38: 188.08551 | CR38: 0 | CS38: 0 | CT38: 0 | CU38: 1.9766896 | CV38: 131.27309 | CW38: 441.6939 | CX38: 781.026 | CY38: 1169.2387 | CZ38: 2926.6668 | DA38: 6879.5865 | DB38: 7240.6359 | DC38: 5978.4481 | DD38: 8437.3514 | DE38: 9003.7799 | DF38: 9534.6788 | DG38: 9971.1938 | DH38: 9794.7741 | DI38: 11410.754
B39: 35 | C39: Fabricação de outros equipamentos de transporte, exceto veículos automotores | D39: OI | E39: Other industries | F39: 2607.7319 | G39: 2490.6076 | H39: 1337.8017 | I39: 1912.6708 | J39: 2023.9 | K39: 2009.6674 | L39: 1916.8277 | M39: 826.16119 | N39: 592.3936 | O39: 3380.2911 | P39: 3861.7713 | Q39: 3809.8136 | R39: 5209.6535 | S39: 5392.3769 | T39: 5496.635 | U39: 5510.8363 | V39: 5459.6453 | W39: 5683.4135 | X39: 0 | Y39: 0 | Z39: 0 | AA39: 0 | AB39: 0 | AC39: 0 | AD39: 0 | AE39: 0 | AF39: 0 | AG39: 0 | AH39: 0 | AI39: 0 | AJ39: 0 | AK39: 0 | AL39: 0 | AM39: 0 | AN39: 0 | AO39: 0 | AP39: 883.66051 | AQ39: 879.91266 | AR39: 818.35261 | AS39: 1290.8842 | AT39: 1431.6009 | AU39: 1571.5336 | AV39: 1706.8945 | AW39: 1844.771 | AX39: 1989.0857 | AY39: 0 | AZ39: 0 | BA39: 0 | BB39: 0 | BC39: 0 | BD39: 0 | BE39: 0 | BF39: 0 | BG39: 0 | BH39: 0 | BI39: 0 | BJ39: 0 | BK39: 0 | BL39: 0 | BM39: 0 | BN39: 0 | BO39: 0 | BP39: 0 | BQ39: 0 | BR39: 0 | BS39: 0 | BT39: 0 | BU39: 0 | BV39: 0 | BW39: 0 | BX39: 0 | BY39: 0 | BZ39: 6.4244872 | CA39: 7.0801 | CB39: 10.599295 | CC39: 20.654147 | CD39: 22.905615 | CE39: 12.417039 | CF39: 52.285556 | CG39: 56.36725 | CH39: 31.109042 | CI39: 1.4784505 | CJ39: 1.2642378 | CK39: 1.8808961 | CL39: 1.512138 | CM39: 1.7234686 | CN39: 2.7318441 | CO39: 3.3238364 | CP39: 438.59058 | CQ39: 188.08551 | CR39: 0 | CS39: 0 | CT39: 0 | CU39: 1.9766896 | CV39: 131.27309 | CW39: 441.6939 | CX39: 781.026 | CY39: 1169.2387 | CZ39: 2926.6668 | DA39: 6879.5865 | DB39: 7240.6359 | DC39: 5978.4481 | DD39: 8437.3514 | DE39: 9003.7799 | DF39: 9534.6788 | DG39: 9971.1938 | DH39: 9794.7741 | DI39: 11410.754
B40: 36 | C40: Fabricação de móveis e de produtos de indústrias diversas | D40: OI | E40: Other industries | F40: 2607.7319 | G40: 2490.6076 | H40: 1337.8017 | I40: 1912.6708 | J40: 2023.9 | K40: 2009.6674 | L40: 1916.8277 | M40: 826.16119 | N40: 592.3936 | O40: 3380.2911 | P40: 3861.7713 | Q40: 3809.8136 | R40: 5209.6535 | S40: 5392.3769 | T40: 5496.635 | U40: 5510.8363 | V40: 5459.6453 | W40: 5683.4135 | X40: 0 | Y40: 0 | Z40: 0 | AA40: 0 | AB40: 0 | AC40: 0 | AD40: 0 | AE40: 0 | AF40: 0 | AG40: 0 | AH40: 0 | AI40: 0 | AJ40: 0 | AK40: 0 | AL40: 0 | AM40: 0 | AN40: 0 | AO40: 0 | AP40: 883.66051 | AQ40: 879.91266 | AR40: 818.35261 | AS40: 1290.8842 | AT40: 1431.6009 | AU40: 1571.5336 | AV40: 1706.8945 | AW40: 1844.771 | AX40: 1989.0857 | AY40: 0 | AZ40: 0 | BA40: 0 | BB40: 0 | BC40: 0 | BD40: 0 | BE40: 0 | BF40: 0 | BG40: 0 | BH40: 0 | BI40: 0 | BJ40: 0 | BK40: 0 | BL40: 0 | BM40: 0 | BN40: 0 | BO40: 0 | BP40: 0 | BQ40: 0 | BR40: 0 | BS40: 0 | BT40: 0 | BU40: 0 | BV40: 0 | BW40: 0 | BX40: 0 | BY40: 0 | BZ40: 6.4244872 | CA40: 7.0801 | CB40: 10.599295 | CC40: 20.654147 | CD40: 22.905615 | CE40: 12.417039 | CF40: 52.285556 | CG40: 56.36725 | CH40: 31.109042 | CI40: 1.4784505 | CJ40: 1.2642378 | CK40: 1.8808961 | CL40: 1.512138 | CM40: 1.7234686 | CN40: 2.7318441 | CO40: 3.3238364 | CP40: 438.59058 | CQ40: 188.08551 | CR40: 0 | CS40: 0 | CT40: 0 | CU40: 1.9766896 | CV40: 131.27309 | CW40: 441.6939 | CX40: 781.026 | CY40: 1169.2387 | CZ40: 2926.6668 | DA40: 6879.5865 | DB40: 7240.6359 | DC40: 5978.4481 | DD40: 8437.3514 | DE40: 9003.7799 | DF40: 9534.6788 | DG40: 9971.1938 | DH40: 9794.7741 | DI40: 11410.754
B41: 37 | C41: Manutenção, reparação e instalação de máquinas e equipamentos | D41: OI | E41: Other industries | F41: 2607.7319 | G41: 2490.6076 | H41: 1337.8017 | I41: 1912.6708 | J41: 2023.9 | K41: 2009.6674 | L41: 1916.8277 | M41: 826.16119 | N41: 592.3936 | O41: 3380.2911 | P41: 3861.7713 | Q41: 3809.8136 | R41: 5209.6535 | S41: 5392.3769 | T41: 5496.635 | U41: 5510.8363 | V41: 5459.6453 | W41: 5683.4135 | X41: 0 | Y41: 0 | Z41: 0 | AA41: 0 | AB41: 0 | AC41: 0 | AD41: 0 | AE41: 0 | AF41: 0 | AG41: 0 | AH41: 0 | AI41: 0 | AJ41: 0 | AK41: 0 | AL41: 0 | AM41: 0 | AN41: 0 | AO41: 0 | AP41: 883.66051 | AQ41: 879.91266 | AR41: 818.35261 | AS41: 1290.8842 | AT41: 1431.6009 | AU41: 1571.5336 | AV41: 1706.8945 | AW41: 1844.771 | AX41: 1989.0857 | AY41: 0 | AZ41: 0 | BA41: 0 | BB41: 0 | BC41: 0 | BD41: 0 | BE41: 0 | BF41: 0 | BG41: 0 | BH41: 0 | BI41: 0 | BJ41: 0 | BK41: 0 | BL41: 0 | BM41: 0 | BN41: 0 | BO41: 0 | BP41: 0 | BQ41: 0 | BR41: 0 | BS41: 0 | BT41: 0 | BU41: 0 | BV41: 0 | BW41: 0 | BX41: 0 | BY41: 0 | BZ41: 6.4244872 | CA41: 7.0801 | CB41: 10.599295 | CC41: 20.654147 | CD41: 22.905615 | CE41: 12.417039 | CF41: 52.285556 | CG41: 56.36725 | CH41: 31.109042 | CI41: 1.4784505 | CJ41: 1.2642378 | CK41: 1.8808961 | CL41: 1.512138 | CM41: 1.7234686 | CN41: 2.7318441 | CO41: 3.3238364 | CP41: 438.59058 | CQ41: 188.08551 | CR41: 0 | CS41: 0 | CT41: 0 | CU41: 1.9766896 | CV41: 131.27309 | CW41: 441.6939 | CX41: 781.026 | CY41: 1169.2387 | CZ41: 2926.6668 | DA41: 6879.5865 | DB41: 7240.6359 | DC41: 5978.4481 | DD41: 8437.3514 | DE41: 9003.7799 | DF41: 9534.6788 | DG41: 9971.1938 | DH41: 9794.7741 | DI41: 11410.754
B42: 38 | C42: Energia elétrica, gás natural e outras utilidades | D42: ELECT | E42: Electricity | F42: 16737.272 | G42: 35382.678 | H42: 21555.726 | I42: 15617.96 | J42: 19066.172 | K42: 10499.975 | L42: 5240.1327 | M42: 2111.0212 | N42: 1192.3032 | O42: 0 | P42: 0 | Q42: 0 | R42: 0 | S42: 0 | T42: 0 | U42: 0 | V42: 0 | W42: 0 | X42: 1725.8858 | Y42: 2091.9162 | Z42: 1842.3353 | AA42: 3552.5319 | AB42: 580.53504 | AC42: 1232.3803 | AD42: 596.19374 | AE42: 444.25867 | AF42: 425.54958 | AG42: 0 | AH42: 0 | AI42: 0 | AJ42: 0 | AK42: 0 | AL42: 0 | AM42: 0 | AN42: 0 | AO42: 0 | AP42: 6910.37 | AQ42: 10446.801 | AR42: 11343.806 | AS42: 15280.268 | AT42: 6956.3216 | AU42: 4025.9644 | AV42: 3656.6687 | AW42: 4053.5908 | AX42: 1984.7085 | AY42: 210.8576 | AZ42: 479.34931 | BA42: 492.83914 | BB42: 713.6434 | BC42: 846.74302 | BD42: 860.59054 | BE42: 3310.2364 | BF42: 14585.555 | BG42: 31172.036 | BH42: 0 | BI42: 0 | BJ42: 0 | BK42: 0 | BL42: 0 | BM42: 0 | BN42: 0 | BO42: 0 | BP42: 0 | BQ42: 1250.0307 | BR42: 1268.318 | BS42: 1209.7127 | BT42: 1318.9772 | BU42: 1318.9772 | BV42: 1318.9772 | BW42: 1318.9772 | BX42: 1318.9772 | BY42: 1318.9772 | BZ42: 88.911865 | CA42: 413.70436 | CB42: 576.20143 | CC42: 304.01261 | CD42: 304.87992 | CE42: 212.21541 | CF42: 222.44046 | CG42: 37.969606 | CH42: 37.102304 | CI42: 4.2661637 | CJ42: 5.251411 | CK42: 7.2828695 | CL42: 3.232573 | CM42: 3.2061364 | CN42: 16.66944 | CO42: 4.0706642 | CP42: 9.4164133 | CQ42: 334.75879 | CR42: 0 | CS42: 0 | CT42: 0 | CU42: 12.513129 | CV42: 1068.1205 | CW42: 1781.9397 | CX42: 1987.1396 | CY42: 1648.7175 | CZ42: 1803.885 | DA42: 26927.594 | DB42: 50088.018 | DC42: 37027.903 | DD42: 36803.139 | DE42: 30144.955 | DF42: 19948.712 | DG42: 16335.859 | DH42: 24209.506 | DI42: 38269.32
A43: 257 | B43: 39 | C43: Água, esgoto e gestão de resíduos | D43: WS | E43: Waste | F43: 0 | G43: 0 | H43: 0 | I43: 0 | J43: 0 | K43: 0 | L43: 0 | M43: 0 | N43: 0 | O43: 0.27867838 | P43: 0.25834239 | Q43: 0.22444907 | R43: 0.23122773 | S43: 0.23574684 | T43: 0.23725321 | U43: 0.23348729 | V43: 0.22746181 | W43: 0.21992996 | X43: 0 | Y43: 0 | Z43: 0 | AA43: 0 | AB43: 0 | AC43: 0 | AD43: 0 | AE43: 0 | AF43: 0 | AG43: 0 | AH43: 0 | AI43: 0 | AJ43: 0 | AK43: 0 | AL43: 0 | AM43: 0 | AN43: 0 | AO43: 0 | AP43: 0 | AQ43: 0 | AR43: 0 | AS43: 0 | AT43: 0 | AU43: 0 | AV43: 0 | AW43: 0 | AX43: 0 | AY43: 0 | AZ43: 0 | BA43: 0 | BB43: 0 | BC43: 0 | BD43: 0 | BE43: 0 | BF43: 0 | BG43: 0 | BH43: 0 | BI43: 0 | BJ43: 0 | BK43: 0 | BL43: 0 | BM43: 0 | BN43: 0 | BO43: 0 | BP43: 0 | BQ43: 0 | BR43: 0 | BS43: 0 | BT43: 0 | BU43: 0 | BV43: 0 | BW43: 0 | BX43: 0 | BY43: 0 | BZ43: 0 | CA43: 0 | CB43: 0 | CC43: 0 | CD43: 0 | CE43: 0 | CF43: 0 | CG43: 0 | CH43: 0 | CI43: 0 | CJ43: 0 | CK43: 0 | CL43: 0 | CM43: 0 | CN43: 0 | CO43: 0 | CP43: 0 | CQ43: 0 | CR43: 0 | CS43: 0 | CT43: 0 | CU43: 0 | CV43: 0 | CW43: 0 | CX43: 0 | CY43: 0 | CZ43: 0 | DA43: 0.27867838 | DB43: 0.25834239 | DC43: 0.22444907 | DD43: 0.23122773 | DE43: 0.23574684 | DF43: 0.23725321 | DG43: 0.23348729 | DH43: 0.22746181 | DI43: 0.21992996
A44: 265 | B44: 40 | C44: Construção | D44: OI | E44: Other industries | F44: 2607.7319 | G44: 2490.6076 | H44: 1337.8017 | I44: 1912.6708 | J44: 2023.9 | K44: 2009.6674 | L44: 1916.8277 | M44: 826.16119 | N44: 592.3936 | O44: 3380.2911 | P44: 3861.7713 | Q44: 3809.8136 | R44: 5209.6535 | S44: 5392.3769 | T44: 5496.635 | U44: 5510.8363 | V44: 5459.6453 | W44: 5683.4135 | X44: 0 | Y44: 0 | Z44: 0 | AA44: 0 | AB44: 0 | AC44: 0 | AD44: 0 | AE44: 0 | AF44: 0 | AG44: 0 | AH44: 0 | AI44: 0 | AJ44: 0 | AK44: 0 | AL44: 0 | AM44: 0 | AN44: 0 | AO44: 0 | AP44: 883.66051 | AQ44: 879.91266 | AR44: 818.35261 | AS44: 1290.8842 | AT44: 1431.6009 | AU44: 1571.5336 | AV44: 1706.8945 | AW44: 1844.771 | AX44: 1989.0857 | AY44: 0 | AZ44: 0 | BA44: 0 | BB44: 0 | BC44: 0 | BD44: 0 | BE44: 0 | BF44: 0 | BG44: 0 | BH44: 0 | BI44: 0 | BJ44: 0 | BK44: 0 | BL44: 0 | BM44: 0 | BN44: 0 | BO44: 0 | BP44: 0 | BQ44: 0 | BR44: 0 | BS44: 0 | BT44: 0 | BU44: 0 | BV44: 0 | BW44: 0 | BX44: 0 | BY44: 0 | BZ44: 6.4244872 | CA44: 7.0801 | CB44: 10.599295 | CC44: 20.654147 | CD44: 22.905615 | CE44: 12.417039 | CF44: 52.285556 | CG44: 56.36725 | CH44: 31.109042 | CI44: 1.4784505 | CJ44: 1.2642378 | CK44: 1.8808961 | CL44: 1.512138 | CM44: 1.7234686 | CN44: 2.7318441 | CO44: 3.3238364 | CP44: 438.59058 | CQ44: 188.08551 | DA44: 6879.5865 | DB44: 7240.6359 | DC44: 5978.4481 | DD44: 8435.3747 | DE44: 8872.5069 | DF44: 9092.9849 | DG44: 9190.1678 | DH44: 8625.5353 | DI44: 8484.0874
B45: 41 | C45: Comércio por atacado e a varejo | D45: BL | E45: Buildings and services | F45: 1015.3185 | G45: 862.27664 | H45: 759.56234 | I45: 1012.2763 | J45: 1024.932 | K45: 998.11066 | L45: 929.73744 | M45: 286.0624 | N45: 155.78762 | O45: 9177.0629 | P45: 11572.583 | Q45: 11119.403 | R45: 17162.935 | S45: 18833.641 | T45: 21224.8 | U45: 23916.062 | V45: 26802.466 | W45: 29958.04 | X45: 0 | Y45: 0 | Z45: 0 | AA45: 0 | AB45: 0 | AC45: 0 | AD45: 0 | AE45: 0 | AF45: 0 | AG45: 83.926629 | AH45: 90.382176 | AI45: 73.681132 | AJ45: 70.427675 | AK45: 71.019904 | AL45: 68.145299 | AM45: 65.344807 | AN45: 62.903358 | AO45: 60.509586 | AP45: 88.230327 | AQ45: 96.837723 | AR45: 77.774616 | AS45: 78.252888 | AT45: 74.757809 | AU45: 71.731889 | AV45: 68.783999 | AW45: 66.214057 | AX45: 63.694278 | AY45: 0 | AZ45: 0 | BA45: 0 | BB45: 0 | BC45: 0 | BD45: 0 | BE45: 0 | BF45: 0 | BG45: 0 | BH45: 0 | BI45: 0 | BJ45: 0 | BK45: 0 | BL45: 0 | BM45: 0 | BN45: 0 | BO45: 0 | BP45: 0 | BQ45: 0 | BR45: 0 | BS45: 0 | BT45: 0 | BU45: 0 | BV45: 0 | BW45: 0 | BX45: 0 | BY45: 0 | BZ45: 2.1565311 | CA45: 0.30516972 | CB45: 3.5622911 | CC45: 2.4182535 | CD45: 1.1905441 | CE45: 0 | CF45: 2.4332626 | CG45: 2.3952736 | CH45: 1.4429252 | CI45: 0.058023145 | CJ45: 0.071617873 | CK45: 0.08566174 | CL45: 0.041310749 | CM45: 0.041803623 | CN45: 0.039994313 | CO45: 0.090178317 | CP45: 641.27524 | CQ45: 447.10267 | CR45: 0 | CS45: 0 | CT45: 0 | CU45: 0 | CV45: 49.425937 | CW45: 164.54216 | CX45: 320.86125 | CY45: 413.2108 | CZ45: 823.3761 | DA45: 10366.753 | DB45: 12622.456 | DC45: 12034.069 | DD45: 18326.351 | DE45: 20055.009 | DF45: 22527.37 | DG45: 25303.313 | DH45: 28274.528 | DI45: 31509.953 | DK45: 6731 | DL45: -3635.7529 | DN45: muito alto
B46: 42 | C46: Transporte terrestre | D46: TRANSP | E46: Transport | F46: 29180.896 | G46: 34175.37 | H46: 30784.037 | I46: 30193.983 | J46: 31430.223 | K46: 23059.694 | L46: 19734.896 | M46: 16890.501 | N46: 9023.119 | O46: 0 | P46: 0 | Q46: 59.51649 | R46: 44.591615 | S46: 125.2888 | T46: 2402.3185 | U46: 4297.0329 | V46: 4669.9506 | W46: 4086.7789 | X46: 0 | Y46: 0 | Z46: 0 | AA46: 0 | AB46: 0 | AC46: 0 | AD46: 0 | AE46: 0 | AF46: 0 | AG46: 0 | AH46: 0 | AI46: 0 | AJ46: 0 | AK46: 0 | AL46: 0 | AM46: 0 | AN46: 0 | AO46: 0 | AP46: 0 | AQ46: 0 | AR46: 0 | AS46: 0 | AT46: 0 | AU46: 0 | AV46: 0 | AW46: 0 | AX46: 0 | AY46: 0 | AZ46: 0 | BA46: 0 | BB46: 0 | BC46: 0 | BD46: 0 | BE46: 0 | BF46: 0 | BG46: 0 | BH46: 3271.1732 | BI46: 4222.0564 | BJ46: 3491.0139 | BK46: 3035.0728 | BL46: 2921.314 | BM46: 2910.4632 | BN46: 3327.982 | BO46: 3532.4348 | BP46: 3741.6179 | BQ46: 0 | BR46: 0 | BS46: 0 | BT46: 0 | BU46: 0 | BV46: 0 | BW46: 0 | BX46: 0 | BY46: 0 | BZ46: 1503.1464 | CA46: 2435.6561 | CB46: 3448.7615 | CC46: 5228.6756 | CD46: 5436.6062 | CE46: 4012.6802 | CF46: 3447.2714 | CG46: 2962.6098 | CH46: 1579.7203 | CI46: 8.1613423e-14 | CJ46: 0.019085648 | CK46: 0.16483029 | CL46: 0.16634148 | CM46: 0.29832253 | CN46: 236.44144 | CO46: 68.439774 | CP46: 84.673407 | CQ46: 6523.7139 | CR46: 0 | CS46: 0 | CT46: 0 | CU46: 0 | CV46: 0 | CW46: 0 | CX46: 0 | CY46: 0 | CZ46: 0 | DA46: 33955.216 | DB46: 40833.102 | DC46: 37783.493 | DD46: 38502.49 | DE46: 39913.73 | DF46: 32621.597 | DG46: 30875.622 | DH46: 28140.169 | DI46: 24954.95 | DK46: 69720 | DL46: 35764.784 | DN46: muito baixo
B47: 43 | C47: Transporte aquaviário | D47: TRANSP | E47: Transport | F47: 1849.6024 | G47: 1595.7398 | H47: 1410.4464 | I47: 1556.4708 | J47: 1682.852 | K47: 1652.6626 | L47: 1815.8922 | M47: 2025.2636 | N47: 1480.6463 | O47: 0 | P47: 0 | Q47: 0 | R47: 0 | S47: 0 | T47: 0 | U47: 0 | V47: 0 | W47: 0 | X47: 0 | Y47: 0 | Z47: 0 | AA47: 0 | AB47: 0 | AC47: 0 | AD47: 0 | AE47: 0 | AF47: 0 | AG47: 0 | AH47: 0 | AI47: 0 | AJ47: 0 | AK47: 0 | AL47: 0 | AM47: 0 | AN47: 0 | AO47: 0 | AP47: 0 | AQ47: 0 | AR47: 0 | AS47: 0 | AT47: 0 | AU47: 0 | AV47: 0 | AW47: 0 | AX47: 0 | AY47: 0 | AZ47: 0 | BA47: 0 | BB47: 0 | BC47: 0 | BD47: 0 | BE47: 0 | BF47: 0 | BG47: 0 | BH47: 0 | BI47: 0 | BJ47: 0 | BK47: 0 | BL47: 0 | BM47: 0 | BN47: 0 | BO47: 0 | BP47: 0 | BQ47: 0 | BR47: 0 | BS47: 0 | BT47: 0 | BU47: 0 | BV47: 0 | BW47: 0 | BX47: 0 | BY47: 0 | BZ47: 0 | CA47: 0 | CB47: 0 | CC47: 0 | CD47: 0 | CE47: 0 | CF47: 0 | CG47: 0 | CH47: 0 | CI47: 1.911081 | CJ47: 1.8194163 | CK47: 3.8862272 | CL47: 2.1667806 | CM47: 2.4363339 | CN47: 8.9353181 | CO47: 5.030533 | CP47: 30.227061 | CQ47: 590.6849 | CR47: 0 | CS47: 0 | CT47: 0 | CU47: 0 | CV47: 0 | CW47: 0 | CX47: 0 | CY47: 0 | CZ47: 0 | DA47: 1851.5135 | DB47: 1597.5592 | DC47: 1414.3326 | DD47: 1558.6376 | DE47: 1685.2883 | DF47: 1661.5979 | DG47: 1820.9228 | DH47: 2055.4907 | DI47: 2071.3312
B48: 44 | C48: Transporte aéreo | D48: TRANSP | E48: Transport | F48: 3201.6317 | G48: 3624.99 | H48: 1903.3474 | I48: 2656.6002 | J48: 3383.3377 | K48: 4285.0835 | L48: 5328.163 | M48: 2228.8926 | N48: 1890.6568 | O48: 0 | P48: 0 | Q48: 0 | R48: 0 | S48: 0 | T48: 0 | U48: 0 | V48: 0 | W48: 0 | X48: 0 | Y48: 0 | Z48: 0 | AA48: 0 | AB48: 0 | AC48: 0 | AD48: 0 | AE48: 0 | AF48: 0 | AG48: 0 | AH48: 0 | AI48: 0 | AJ48: 0 | AK48: 0 | AL48: 0 | AM48: 0 | AN48: 0 | AO48: 0 | AP48: 0 | AQ48: 0 | AR48: 0 | AS48: 0 | AT48: 0 | AU48: 0 | AV48: 0 | AW48: 0 | AX48: 0 | AY48: 0 | AZ48: 0 | BA48: 0 | BB48: 0 | BC48: 0 | BD48: 0 | BE48: 0 | BF48: 0 | BG48: 0 | BH48: 0 | BI48: 0 | BJ48: 0 | BK48: 0 | BL48: 0 | BM48: 0 | BN48: 0 | BO48: 0 | BP48: 0 | BQ48: 0 | BR48: 0 | BS48: 0 | BT48: 0 | BU48: 0 | BV48: 0 | BW48: 0 | BX48: 0 | BY48: 0 | BZ48: 0 | CA48: 0 | CB48: 0 | CC48: 0 | CD48: 0 | CE48: 0 | CF48: 0 | CG48: 0 | CH48: 0 | CI48: 0 | CJ48: 0 | CK48: 0 | CL48: 0 | CM48: 0 | CN48: 0 | CO48: 0.88038566 | CP48: 4452.175 | CQ48: 6521.3393 | CR48: 0 | CS48: 0 | CT48: 0 | CU48: 0 | CV48: 0 | CW48: 0 | CX48: 0 | CY48: 0 | CZ48: 0 | DA48: 3201.6317 | DB48: 3624.99 | DC48: 1903.3474 | DD48: 2656.6002 | DE48: 3383.3377 | DF48: 4285.0835 | DG48: 5329.0433 | DH48: 6681.0676 | DI48: 8411.9961
B49: 45 | C49: Armazenamento, atividades auxiliares dos transportes e correio | D49: BL | E49: Buildings and services | F49: 1015.3185 | G49: 862.27664 | H49: 759.56234 | I49: 1012.2763 | J49: 1024.932 | K49: 998.11066 | L49: 929.73744 | M49: 286.0624 | N49: 155.78762 | O49: 9177.0629 | P49: 11572.583 | Q49: 11119.403 | R49: 17162.935 | S49: 18833.641 | T49: 21224.8 | U49: 23916.062 | V49: 26802.466 | W49: 29958.04 | X49: 0 | Y49: 0 | Z49: 0 | AA49: 0 | AB49: 0 | AC49: 0 | AD49: 0 | AE49: 0 | AF49: 0 | AG49: 83.926629 | AH49: 90.382176 | AI49: 73.681132 | AJ49: 70.427675 | AK49: 71.019904 | AL49: 68.145299 | AM49: 65.344807 | AN49: 62.903358 | AO49: 60.509586 | AP49: 88.230327 | AQ49: 96.837723 | AR49: 77.774616 | AS49: 78.252888 | AT49: 74.757809 | AU49: 71.731889 | AV49: 68.783999 | AW49: 66.214057 | AX49: 63.694278 | AY49: 0 | AZ49: 0 | BA49: 0 | BB49: 0 | BC49: 0 | BD49: 0 | BE49: 0 | BF49: 0 | BG49: 0 | BH49: 0 | BI49: 0 | BJ49: 0 | BK49: 0 | BL49: 0 | BM49: 0 | BN49: 0 | BO49: 0 | BP49: 0 | BQ49: 0 | BR49: 0 | BS49: 0 | BT49: 0 | BU49: 0 | BV49: 0 | BW49: 0 | BX49: 0 | BY49: 0 | BZ49: 2.1565311 | CA49: 0.30516972 | CB49: 3.5622911 | CC49: 2.4182535 | CD49: 1.1905441 | CE49: 0 | CF49: 2.4332626 | CG49: 2.3952736 | CH49: 1.4429252 | CI49: 0.058023145 | CJ49: 0.071617873 | CK49: 0.08566174 | CL49: 0.041310749 | CM49: 0.041803623 | CN49: 0.039994313 | CO49: 0.090178317 | CP49: 641.27524 | CQ49: 447.10267 | CR49: 0 | CS49: 0 | CT49: 0 | CU49: 0 | CV49: 49.425937 | CW49: 164.54216 | CX49: 320.86125 | CY49: 413.2108 | CZ49: 823.3761 | DA49: 10366.753 | DB49: 12622.456 | DC49: 12034.069 | DD49: 18326.351 | DE49: 20055.009 | DF49: 22527.37 | DG49: 25303.313 | DH49: 28274.528 | DI49: 31509.953
B50: 46 | C50: Alojamento | D50: BL | E50: Buildings and services | F50: 1015.3185 | G50: 862.27664 | H50: 759.56234 | I50: 1012.2763 | J50: 1024.932 | K50: 998.11066 | L50: 929.73744 | M50: 286.0624 | N50: 155.78762 | O50: 9177.0629 | P50: 11572.583 | Q50: 11119.403 | R50: 17162.935 | S50: 18833.641 | T50: 21224.8 | U50: 23916.062 | V50: 26802.466 | W50: 29958.04 | X50: 0 | Y50: 0 | Z50: 0 | AA50: 0 | AB50: 0 | AC50: 0 | AD50: 0 | AE50: 0 | AF50: 0 | AG50: 83.926629 | AH50: 90.382176 | AI50: 73.681132 | AJ50: 70.427675 | AK50: 71.019904 | AL50: 68.145299 | AM50: 65.344807 | AN50: 62.903358 | AO50: 60.509586 | AP50: 88.230327 | AQ50: 96.837723 | AR50: 77.774616 | AS50: 78.252888 | AT50: 74.757809 | AU50: 71.731889 | AV50: 68.783999 | AW50: 66.214057 | AX50: 63.694278 | AY50: 0 | AZ50: 0 | BA50: 0 | BB50: 0 | BC50: 0 | BD50: 0 | BE50: 0 | BF50: 0 | BG50: 0 | BH50: 0 | BI50: 0 | BJ50: 0 | BK50: 0 | BL50: 0 | BM50: 0 | BN50: 0 | BO50: 0 | BP50: 0 | BQ50: 0 | BR50: 0 | BS50: 0 | BT50: 0 | BU50: 0 | BV50: 0 | BW50: 0 | BX50: 0 | BY50: 0 | BZ50: 2.1565311 | CA50: 0.30516972 | CB50: 3.5622911 | CC50: 2.4182535 | CD50: 1.1905441 | CE50: 0 | CF50: 2.4332626 | CG50: 2.3952736 | CH50: 1.4429252 | CI50: 0.058023145 | CJ50: 0.071617873 | CK50: 0.08566174 | CL50: 0.041310749 | CM50: 0.041803623 | CN50: 0.039994313 | CO50: 0.090178317 | CP50: 641.27524 | CQ50: 447.10267 | CR50: 0 | CS50: 0 | CT50: 0 | CU50: 0 | CV50: 49.425937 | CW50: 164.54216 | CX50: 320.86125 | CY50: 413.2108 | CZ50: 823.3761 | DA50: 10366.753 | DB50: 12622.456 | DC50: 12034.069 | DD50: 18326.351 | DE50: 20055.009 | DF50: 22527.37 | DG50: 25303.313 | DH50: 28274.528 | DI50: 31509.953
B51: 47 | C51: Alimentação | D51: BL | E51: Buildings and services | F51: 1015.3185 | G51: 862.27664 | H51: 759.56234 | I51: 1012.2763 | J51: 1024.932 | K51: 998.11066 | L51: 929.73744 | M51: 286.0624 | N51: 155.78762 | O51: 9177.0629 | P51: 11572.583 | Q51: 11119.403 | R51: 17162.935 | S51: 18833.641 | T51: 21224.8 | U51: 23916.062 | V51: 26802.466 | W51: 29958.04 | X51: 0 | Y51: 0 | Z51: 0 | AA51: 0 | AB51: 0 | AC51: 0 | AD51: 0 | AE51: 0 | AF51: 0 | AG51: 83.926629 | AH51: 90.382176 | AI51: 73.681132 | AJ51: 70.427675 | AK51: 71.019904 | AL51: 68.145299 | AM51: 65.344807 | AN51: 62.903358 | AO51: 60.509586 | AP51: 88.230327 | AQ51: 96.837723 | AR51: 77.774616 | AS51: 78.252888 | AT51: 74.757809 | AU51: 71.731889 | AV51: 68.783999 | AW51: 66.214057 | AX51: 63.694278 | AY51: 0 | AZ51: 0 | BA51: 0 | BB51: 0 | BC51: 0 | BD51: 0 | BE51: 0 | BF51: 0 | BG51: 0 | BH51: 0 | BI51: 0 | BJ51: 0 | BK51: 0 | BL51: 0 | BM51: 0 | BN51: 0 | BO51: 0 | BP51: 0 | BQ51: 0 | BR51: 0 | BS51: 0 | BT51: 0 | BU51: 0 | BV51: 0 | BW51: 0 | BX51: 0 | BY51: 0 | BZ51: 2.1565311 | CA51: 0.30516972 | CB51: 3.5622911 | CC51: 2.4182535 | CD51: 1.1905441 | CE51: 0 | CF51: 2.4332626 | CG51: 2.3952736 | CH51: 1.4429252 | CI51: 0.058023145 | CJ51: 0.071617873 | CK51: 0.08566174 | CL51: 0.041310749 | CM51: 0.041803623 | CN51: 0.039994313 | CO51: 0.090178317 | CP51: 641.27524 | CQ51: 447.10267 | CR51: 0 | CS51: 0 | CT51: 0 | CU51: 0 | CV51: 49.425937 | CW51: 164.54216 | CX51: 320.86125 | CY51: 413.2108 | CZ51: 823.3761 | DA51: 10366.753 | DB51: 12622.456 | DC51: 12034.069 | DD51: 18326.351 | DE51: 20055.009 | DF51: 22527.37 | DG51: 25303.313 | DH51: 28274.528 | DI51: 31509.953
B52: 48 | C52: Edição e edição integrada à impressão | D52: BL | E52: Buildings and services | F52: 1015.3185 | G52: 862.27664 | H52: 759.56234 | I52: 1012.2763 | J52: 1024.932 | K52: 998.11066 | L52: 929.73744 | M52: 286.0624 | N52: 155.78762 | O52: 9177.0629 | P52: 11572.583 | Q52: 11119.403 | R52: 17162.935 | S52: 18833.641 | T52: 21224.8 | U52: 23916.062 | V52: 26802.466 | W52: 29958.04 | X52: 0 | Y52: 0 | Z52: 0 | AA52: 0 | AB52: 0 | AC52: 0 | AD52: 0 | AE52: 0 | AF52: 0 | AG52: 83.926629 | AH52: 90.382176 | AI52: 73.681132 | AJ52: 70.427675 | AK52: 71.019904 | AL52: 68.145299 | AM52: 65.344807 | AN52: 62.903358 | AO52: 60.509586 | AP52: 88.230327 | AQ52: 96.837723 | AR52: 77.774616 | AS52: 78.252888 | AT52: 74.757809 | AU52: 71.731889 | AV52: 68.783999 | AW52: 66.214057 | AX52: 63.694278 | AY52: 0 | AZ52: 0 | BA52: 0 | BB52: 0 | BC52: 0 | BD52: 0 | BE52: 0 | BF52: 0 | BG52: 0 | BH52: 0 | BI52: 0 | BJ52: 0 | BK52: 0 | BL52: 0 | BM52: 0 | BN52: 0 | BO52: 0 | BP52: 0 | BQ52: 0 | BR52: 0 | BS52: 0 | BT52: 0 | BU52: 0 | BV52: 0 | BW52: 0 | BX52: 0 | BY52: 0 | BZ52: 2.1565311 | CA52: 0.30516972 | CB52: 3.5622911 | CC52: 2.4182535 | CD52: 1.1905441 | CE52: 0 | CF52: 2.4332626 | CG52: 2.3952736 | CH52: 1.4429252 | CI52: 0.058023145 | CJ52: 0.071617873 | CK52: 0.08566174 | CL52: 0.041310749 | CM52: 0.041803623 | CN52: 0.039994313 | CO52: 0.090178317 | CP52: 641.27524 | CQ52: 447.10267 | CR52: 0 | CS52: 0 | CT52: 0 | CU52: 0 | CV52: 49.425937 | CW52: 164.54216 | CX52: 320.86125 | CY52: 413.2108 | CZ52: 823.3761 | DA52: 10366.753 | DB52: 12622.456 | DC52: 12034.069 | DD52: 18326.351 | DE52: 20055.009 | DF52: 22527.37 | DG52: 25303.313 | DH52: 28274.528 | DI52: 31509.953
B53: 49 | C53: Atividades de televisão, rádio, cinema e gravação/edição de som e imagem | D53: BL | E53: Buildings and services | F53: 1015.3185 | G53: 862.27664 | H53: 759.56234 | I53: 1012.2763 | J53: 1024.932 | K53: 998.11066 | L53: 929.73744 | M53: 286.0624 | N53: 155.78762 | O53: 9177.0629 | P53: 11572.583 | Q53: 11119.403 | R53: 17162.935 | S53: 18833.641 | T53: 21224.8 | U53: 23916.062 | V53: 26802.466 | W53: 29958.04 | X53: 0 | Y53: 0 | Z53: 0 | AA53: 0 | AB53: 0 | AC53: 0 | AD53: 0 | AE53: 0 | AF53: 0 | AG53: 83.926629 | AH53: 90.382176 | AI53: 73.681132 | AJ53: 70.427675 | AK53: 71.019904 | AL53: 68.145299 | AM53: 65.344807 | AN53: 62.903358 | AO53: 60.509586 | AP53: 88.230327 | AQ53: 96.837723 | AR53: 77.774616 | AS53: 78.252888 | AT53: 74.757809 | AU53: 71.731889 | AV53: 68.783999 | AW53: 66.214057 | AX53: 63.694278 | AY53: 0 | AZ53: 0 | BA53: 0 | BB53: 0 | BC53: 0 | BD53: 0 | BE53: 0 | BF53: 0 | BG53: 0 | BH53: 0 | BI53: 0 | BJ53: 0 | BK53: 0 | BL53: 0 | BM53: 0 | BN53: 0 | BO53: 0 | BP53: 0 | BQ53: 0 | BR53: 0 | BS53: 0 | BT53: 0 | BU53: 0 | BV53: 0 | BW53: 0 | BX53: 0 | BY53: 0 | BZ53: 2.1565311 | CA53: 0.30516972 | CB53: 3.5622911 | CC53: 2.4182535 | CD53: 1.1905441 | CE53: 0 | CF53: 2.4332626 | CG53: 2.3952736 | CH53: 1.4429252 | CI53: 0.058023145 | CJ53: 0.071617873 | CK53: 0.08566174 | CL53: 0.041310749 | CM53: 0.041803623 | CN53: 0.039994313 | CO53: 0.090178317 | CP53: 641.27524 | CQ53: 447.10267 | CR53: 0 | CS53: 0 | CT53: 0 | CU53: 0 | CV53: 49.425937 | CW53: 164.54216 | CX53: 320.86125 | CY53: 413.2108 | CZ53: 823.3761 | DA53: 10366.753 | DB53: 12622.456 | DC53: 12034.069 | DD53: 18326.351 | DE53: 20055.009 | DF53: 22527.37 | DG53: 25303.313 | DH53: 28274.528 | DI53: 31509.953
B54: 50 | C54: Telecomunicações | D54: BL | E54: Buildings and services | F54: 1015.3185 | G54: 862.27664 | H54: 759.56234 | I54: 1012.2763 | J54: 1024.932 | K54: 998.11066 | L54: 929.73744 | M54: 286.0624 | N54: 155.78762 | O54: 9177.0629 | P54: 11572.583 | Q54: 11119.403 | R54: 17162.935 | S54: 18833.641 | T54: 21224.8 | U54: 23916.062 | V54: 26802.466 | W54: 29958.04 | X54: 0 | Y54: 0 | Z54: 0 | AA54: 0 | AB54: 0 | AC54: 0 | AD54: 0 | AE54: 0 | AF54: 0 | AG54: 83.926629 | AH54: 90.382176 | AI54: 73.681132 | AJ54: 70.427675 | AK54: 71.019904 | AL54: 68.145299 | AM54: 65.344807 | AN54: 62.903358 | AO54: 60.509586 | AP54: 88.230327 | AQ54: 96.837723 | AR54: 77.774616 | AS54: 78.252888 | AT54: 74.757809 | AU54: 71.731889 | AV54: 68.783999 | AW54: 66.214057 | AX54: 63.694278 | AY54: 0 | AZ54: 0 | BA54: 0 | BB54: 0 | BC54: 0 | BD54: 0 | BE54: 0 | BF54: 0 | BG54: 0 | BH54: 0 | BI54: 0 | BJ54: 0 | BK54: 0 | BL54: 0 | BM54: 0 | BN54: 0 | BO54: 0 | BP54: 0 | BQ54: 0 | BR54: 0 | BS54: 0 | BT54: 0 | BU54: 0 | BV54: 0 | BW54: 0 | BX54: 0 | BY54: 0 | BZ54: 2.1565311 | CA54: 0.30516972 | CB54: 3.5622911 | CC54: 2.4182535 | CD54: 1.1905441 | CE54: 0 | CF54: 2.4332626 | CG54: 2.3952736 | CH54: 1.4429252 | CI54: 0.058023145 | CJ54: 0.071617873 | CK54: 0.08566174 | CL54: 0.041310749 | CM54: 0.041803623 | CN54: 0.039994313 | CO54: 0.090178317 | CP54: 641.27524 | CQ54: 447.10267 | CR54: 0 | CS54: 0 | CT54: 0 | CU54: 0 | CV54: 49.425937 | CW54: 164.54216 | CX54: 320.86125 | CY54: 413.2108 | CZ54: 823.3761 | DA54: 10366.753 | DB54: 12622.456 | DC54: 12034.069 | DD54: 18326.351 | DE54: 20055.009 | DF54: 22527.37 | DG54: 25303.313 | DH54: 28274.528 | DI54: 31509.953
B55: 51 | C55: Desenvolvimento de sistemas e outros serviços de informação | D55: BL | E55: Buildings and services | F55: 1015.3185 | G55: 862.27664 | H55: 759.56234 | I55: 1012.2763 | J55: 1024.932 | K55: 998.11066 | L55: 929.73744 | M55: 286.0624 | N55: 155.78762 | O55: 9177.0629 | P55: 11572.583 | Q55: 11119.403 | R55: 17162.935 | S55: 18833.641 | T55: 21224.8 | U55: 23916.062 | V55: 26802.466 | W55: 29958.04 | X55: 0 | Y55: 0 | Z55: 0 | AA55: 0 | AB55: 0 | AC55: 0 | AD55: 0 | AE55: 0 | AF55: 0 | AG55: 83.926629 | AH55: 90.382176 | AI55: 73.681132 | AJ55: 70.427675 | AK55: 71.019904 | AL55: 68.145299 | AM55: 65.344807 | AN55: 62.903358 | AO55: 60.509586 | AP55: 88.230327 | AQ55: 96.837723 | AR55: 77.774616 | AS55: 78.252888 | AT55: 74.757809 | AU55: 71.731889 | AV55: 68.783999 | AW55: 66.214057 | AX55: 63.694278 | AY55: 0 | AZ55: 0 | BA55: 0 | BB55: 0 | BC55: 0 | BD55: 0 | BE55: 0 | BF55: 0 | BG55: 0 | BH55: 0 | BI55: 0 | BJ55: 0 | BK55: 0 | BL55: 0 | BM55: 0 | BN55: 0 | BO55: 0 | BP55: 0 | BQ55: 0 | BR55: 0 | BS55: 0 | BT55: 0 | BU55: 0 | BV55: 0 | BW55: 0 | BX55: 0 | BY55: 0 | BZ55: 2.1565311 | CA55: 0.30516972 | CB55: 3.5622911 | CC55: 2.4182535 | CD55: 1.1905441 | CE55: 0 | CF55: 2.4332626 | CG55: 2.3952736 | CH55: 1.4429252 | CI55: 0.058023145 | CJ55: 0.071617873 | CK55: 0.08566174 | CL55: 0.041310749 | CM55: 0.041803623 | CN55: 0.039994313 | CO55: 0.090178317 | CP55: 641.27524 | CQ55: 447.10267 | CR55: 0 | CS55: 0 | CT55: 0 | CU55: 0 | CV55: 49.425937 | CW55: 164.54216 | CX55: 320.86125 | CY55: 413.2108 | CZ55: 823.3761 | DA55: 10366.753 | DB55: 12622.456 | DC55: 12034.069 | DD55: 18326.351 | DE55: 20055.009 | DF55: 22527.37 | DG55: 25303.313 | DH55: 28274.528 | DI55: 31509.953
B56: 52 | C56: Intermediação financeira, seguros e previdência complementar | D56: BL | E56: Buildings and services | F56: 1015.3185 | G56: 862.27664 | H56: 759.56234 | I56: 1012.2763 | J56: 1024.932 | K56: 998.11066 | L56: 929.73744 | M56: 286.0624 | N56: 155.78762 | O56: 9177.0629 | P56: 11572.583 | Q56: 11119.403 | R56: 17162.935 | S56: 18833.641 | T56: 21224.8 | U56: 23916.062 | V56: 26802.466 | W56: 29958.04 | X56: 0 | Y56: 0 | Z56: 0 | AA56: 0 | AB56: 0 | AC56: 0 | AD56: 0 | AE56: 0 | AF56: 0 | AG56: 83.926629 | AH56: 90.382176 | AI56: 73.681132 | AJ56: 70.427675 | AK56: 71.019904 | AL56: 68.145299 | AM56: 65.344807 | AN56: 62.903358 | AO56: 60.509586 | AP56: 88.230327 | AQ56: 96.837723 | AR56: 77.774616 | AS56: 78.252888 | AT56: 74.757809 | AU56: 71.731889 | AV56: 68.783999 | AW56: 66.214057 | AX56: 63.694278 | AY56: 0 | AZ56: 0 | BA56: 0 | BB56: 0 | BC56: 0 | BD56: 0 | BE56: 0 | BF56: 0 | BG56: 0 | BH56: 0 | BI56: 0 | BJ56: 0 | BK56: 0 | BL56: 0 | BM56: 0 | BN56: 0 | BO56: 0 | BP56: 0 | BQ56: 0 | BR56: 0 | BS56: 0 | BT56: 0 | BU56: 0 | BV56: 0 | BW56: 0 | BX56: 0 | BY56: 0 | BZ56: 2.1565311 | CA56: 0.30516972 | CB56: 3.5622911 | CC56: 2.4182535 | CD56: 1.1905441 | CE56: 0 | CF56: 2.4332626 | CG56: 2.3952736 | CH56: 1.4429252 | CI56: 0.058023145 | CJ56: 0.071617873 | CK56: 0.08566174 | CL56: 0.041310749 | CM56: 0.041803623 | CN56: 0.039994313 | CO56: 0.090178317 | CP56: 641.27524 | CQ56: 447.10267 | CR56: 0 | CS56: 0 | CT56: 0 | CU56: 0 | CV56: 49.425937 | CW56: 164.54216 | CX56: 320.86125 | CY56: 413.2108 | CZ56: 823.3761 | DA56: 10366.753 | DB56: 12622.456 | DC56: 12034.069 | DD56: 18326.351 | DE56: 20055.009 | DF56: 22527.37 | DG56: 25303.313 | DH56: 28274.528 | DI56: 31509.953
B57: 53 | C57: Atividades imobiliárias | D57: BL | E57: Buildings and services | F57: 1015.3185 | G57: 862.27664 | H57: 759.56234 | I57: 1012.2763 | J57: 1024.932 | K57: 998.11066 | L57: 929.73744 | M57: 286.0624 | N57: 155.78762 | O57: 9177.0629 | P57: 11572.583 | Q57: 11119.403 | R57: 17162.935 | S57: 18833.641 | T57: 21224.8 | U57: 23916.062 | V57: 26802.466 | W57: 29958.04 | X57: 0 | Y57: 0 | Z57: 0 | AA57: 0 | AB57: 0 | AC57: 0 | AD57: 0 | AE57: 0 | AF57: 0 | AG57: 83.926629 | AH57: 90.382176 | AI57: 73.681132 | AJ57: 70.427675 | AK57: 71.019904 | AL57: 68.145299 | AM57: 65.344807 | AN57: 62.903358 | AO57: 60.509586 | AP57: 88.230327 | AQ57: 96.837723 | AR57: 77.774616 | AS57: 78.252888 | AT57: 74.757809 | AU57: 71.731889 | AV57: 68.783999 | AW57: 66.214057 | AX57: 63.694278 | AY57: 0 | AZ57: 0 | BA57: 0 | BB57: 0 | BC57: 0 | BD57: 0 | BE57: 0 | BF57: 0 | BG57: 0 | BH57: 0 | BI57: 0 | BJ57: 0 | BK57: 0 | BL57: 0 | BM57: 0 | BN57: 0 | BO57: 0 | BP57: 0 | BQ57: 0 | BR57: 0 | BS57: 0 | BT57: 0 | BU57: 0 | BV57: 0 | BW57: 0 | BX57: 0 | BY57: 0 | BZ57: 2.1565311 | CA57: 0.30516972 | CB57: 3.5622911 | CC57: 2.4182535 | CD57: 1.1905441 | CE57: 0 | CF57: 2.4332626 | CG57: 2.3952736 | CH57: 1.4429252 | CI57: 0.058023145 | CJ57: 0.071617873 | CK57: 0.08566174 | CL57: 0.041310749 | CM57: 0.041803623 | CN57: 0.039994313 | CO57: 0.090178317 | CP57: 641.27524 | CQ57: 447.10267 | CR57: 0 | CS57: 0 | CT57: 0 | CU57: 0 | CV57: 49.425937 | CW57: 164.54216 | CX57: 320.86125 | CY57: 413.2108 | CZ57: 823.3761 | DA57: 10366.753 | DB57: 12622.456 | DC57: 12034.069 | DD57: 18326.351 | DE57: 20055.009 | DF57: 22527.37 | DG57: 25303.313 | DH57: 28274.528 | DI57: 31509.953
B58: 54 | C58: Atividades jurídicas, contábeis, consultoria e sedes de empresas | D58: BL | E58: Buildings and services | F58: 1015.3185 | G58: 862.27664 | H58: 759.56234 | I58: 1012.2763 | J58: 1024.932 | K58: 998.11066 | L58: 929.73744 | M58: 286.0624 | N58: 155.78762 | O58: 9177.0629 | P58: 11572.583 | Q58: 11119.403 | R58: 17162.935 | S58: 18833.641 | T58: 21224.8 | U58: 23916.062 | V58: 26802.466 | W58: 29958.04 | X58: 0 | Y58: 0 | Z58: 0 | AA58: 0 | AB58: 0 | AC58: 0 | AD58: 0 | AE58: 0 | AF58: 0 | AG58: 83.926629 | AH58: 90.382176 | AI58: 73.681132 | AJ58: 70.427675 | AK58: 71.019904 | AL58: 68.145299 | AM58: 65.344807 | AN58: 62.903358 | AO58: 60.509586 | AP58: 88.230327 | AQ58: 96.837723 | AR58: 77.774616 | AS58: 78.252888 | AT58: 74.757809 | AU58: 71.731889 | AV58: 68.783999 | AW58: 66.214057 | AX58: 63.694278 | AY58: 0 | AZ58: 0 | BA58: 0 | BB58: 0 | BC58: 0 | BD58: 0 | BE58: 0 | BF58: 0 | BG58: 0 | BH58: 0 | BI58: 0 | BJ58: 0 | BK58: 0 | BL58: 0 | BM58: 0 | BN58: 0 | BO58: 0 | BP58: 0 | BQ58: 0 | BR58: 0 | BS58: 0 | BT58: 0 | BU58: 0 | BV58: 0 | BW58: 0 | BX58: 0 | BY58: 0 | BZ58: 2.1565311 | CA58: 0.30516972 | CB58: 3.5622911 | CC58: 2.4182535 | CD58: 1.1905441 | CE58: 0 | CF58: 2.4332626 | CG58: 2.3952736 | CH58: 1.4429252 | CI58: 0.058023145 | CJ58: 0.071617873 | CK58: 0.08566174 | CL58: 0.041310749 | CM58: 0.041803623 | CN58: 0.039994313 | CO58: 0.090178317 | CP58: 641.27524 | CQ58: 447.10267 | CR58: 0 | CS58: 0 | CT58: 0 | CU58: 0 | CV58: 49.425937 | CW58: 164.54216 | CX58: 320.86125 | CY58: 413.2108 | CZ58: 823.3761 | DA58: 10366.753 | DB58: 12622.456 | DC58: 12034.069 | DD58: 18326.351 | DE58: 20055.009 | DF58: 22527.37 | DG58: 25303.313 | DH58: 28274.528 | DI58: 31509.953
... B70: 66 | C70: Organizações associativas e outros serviços pessoais | D70: BL | E70: Buildings and services | F70: 1015.3185 | G70: 862.27664 | H70: 759.56234 | I70: 1012.2763 | J70: 1024.932 | K70: 998.11066 | L70: 929.73744 | M70: 286.0624 | N70: 155.78762 | O70: 9177.0629 | P70: 11572.583 | Q70: 11119.403 | R70: 17162.935 | S70: 18833.641 | T70: 21224.8 | U70: 23916.062 | V70: 26802.466 | W70: 29958.04 | X70: 0 | Y70: 0 | Z70: 0 | AA70: 0 | AB70: 0 | AC70: 0 | AD70: 0 | AE70: 0 | AF70: 0 | AG70: 83.926629 | AH70: 90.382176 | AI70: 73.681132 | AJ70: 70.427675 | AK70: 71.019904 | AL70: 68.145299 | AM70: 65.344807 | AN70: 62.903358 | AO70: 60.509586 | AP70: 88.230327 | AQ70: 96.837723 | AR70: 77.774616 | AS70: 78.252888 | AT70: 74.757809 | AU70: 71.731889 | AV70: 68.783999 | AW70: 66.214057 | AX70: 63.694278 | AY70: 0 | AZ70: 0 | BA70: 0 | BB70: 0 | BC70: 0 | BD70: 0 | BE70: 0 | BF70: 0 | BG70: 0 | BH70: 0 | BI70: 0 | BJ70: 0 | BK70: 0 | BL70: 0 | BM70: 0 | BN70: 0 | BO70: 0 | BP70: 0 | BQ70: 0 | BR70: 0 | BS70: 0 | BT70: 0 | BU70: 0 | BV70: 0 | BW70: 0 | BX70: 0 | BY70: 0 | BZ70: 2.1565311 | CA70: 0.30516972 | CB70: 3.5622911 | CC70: 2.4182535 | CD70: 1.1905441 | CE70: 0 | CF70: 2.4332626 | CG70: 2.3952736 | CH70: 1.4429252 | CI70: 0.058023145 | CJ70: 0.071617873 | CK70: 0.08566174 | CL70: 0.041310749 | CM70: 0.041803623 | CN70: 0.039994313 | CO70: 0.090178317 | CP70: 641.27524 | CQ70: 447.10267 | CR70: 0 | CS70: 0 | CT70: 0 | CU70: 0 | CV70: 49.425937 | CW70: 164.54216 | CX70: 320.86125 | CY70: 413.2108 | CZ70: 823.3761 | DA70: 10366.753 | DB70: 12622.456 | DC70: 12034.069 | DD70: 18326.351 | DE70: 20055.009 | DF70: 22527.37 | DG70: 25303.313 | DH70: 28274.528 | DI70: 31509.953
A74: 47 | C74: Cimento | D74: CE | E74: Cement | F74: 3233.3401 | G74: 3150.3733 | H74: 2608.0004 | I74: 3026.5141 | J74: 2530.7851 | K74: 2162.6429 | L74: 1864.9191 | M74: 1614.9106 | N74: 1210.9787 | O74: 530.09673 | P74: 606.72312 | Q74: 559.87487 | R74: 786.03044 | S74: 819.64959 | T74: 791.62961 | U74: 751.27653 | V74: 697.46185 | W74: 633.38887 | X74: 52.364541 | Y74: 70.746633 | Z74: 14.044765 | AA74: 172.76726 | AB74: 206.81573 | AC74: 318.39148 | AD74: 429.41845 | AE74: 562.895 | AF74: 582.58844 | AG74: 63.296189 | AH74: 109.8038 | AI74: 102.26585 | AJ74: 99.262149 | AK74: 265.13144 | AL74: 380.90536 | AM74: 495.46921 | AN74: 635.02344 | AO74: 836.71224 | AP74: 0.00039240928 | AQ74: 69.142237 | AR74: 65.048783 | AS74: 79.034694 | AT74: 82.891678 | AU74: 85.197177 | AV74: 86.270013 | AW74: 90.580791 | AX74: 93.866334 | AY74: 0 | AZ74: 0 | BA74: 0 | BB74: 0 | BC74: 0 | BD74: 0 | BE74: 0 | BF74: 0 | BG74: 0 | BH74: 0 | BI74: 0 | BJ74: 0 | BK74: 0 | BL74: 0 | BM74: 0 | BN74: 0 | BO74: 0 | BP74: 0 | BQ74: 0 | BR74: 0 | BS74: 0 | BT74: 0 | BU74: 0 | BV74: 0 | BW74: 0 | BX74: 0 | BY74: 0 | BZ74: 0 | CA74: 0 | CB74: 0 | CC74: 0 | CD74: 0 | CE74: 0 | CF74: 0 | CG74: 0 | CH74: 0 | CI74: 0.10533581 | CJ74: 0.12916872 | CK74: 0.35121724 | CL74: 0.16636543 | CM74: 0.48700724 | CN74: 1.0771405 | CO74: 1.5337674 | CP74: 17.305992 | CQ74: 181.99724 | CR74: 0 | CS74: 0 | CT74: 0 | CU74: 0 | CV74: 0 | CW74: 247.35975 | CX74: 440.16262 | CY74: 682.56935 | CZ74: 908.66946 | DA74: 3879.2033 | DB74: 4006.9182 | DC74: 3349.5859 | DD74: 4163.775 | DE74: 3905.7606 | DF74: 3987.2034 | DG74: 4069.0497 | DH74: 4300.747 | DI74: 4448.2013 | DK74: 4157 | DL74: 277.79671
A75: 55
A76: 61 | C76: Outros produtos de minerais não-metálicos | D76: CR | E76: Ceramics | F76: 1827.3882 | G76: 1888.6121 | H76: 1513.2696 | I76: 1774.261 | J76: 1930.9023 | K76: 1824.342 | L76: 1562.8016 | M76: 1014.9864 | N76: 426.14186 | O76: 319.35088 | P76: 340.4509 | Q76: 288.46014 | R76: 340.39954 | S76: 390.97883 | T76: 444.63677 | U76: 498.95473 | V76: 546.8499 | W76: 598.92088 | X76: 0 | Y76: 0 | Z76: 0 | AA76: 0 | AB76: 0 | AC76: 0 | AD76: 0 | AE76: 0 | AF76: 0 | AG76: 0 | AH76: 0 | AI76: 0 | AJ76: 0 | AK76: 0 | AL76: 0 | AM76: 0 | AN76: 0 | AO76: 0 | AP76: 2264.1639 | AQ76: 2329.9064 | AR76: 1875.223 | AS76: 2170.9949 | AT76: 2378.6743 | AU76: 2620.403 | AV76: 2898.3711 | AW76: 3134.8237 | AX76: 3301.4801 | AY76: 0 | AZ76: 0 | BA76: 0 | BB76: 0 | BC76: 0 | BD76: 0 | BE76: 0 | BF76: 0 | BG76: 0 | BH76: 0 | BI76: 0 | BJ76: 0 | BK76: 0 | BL76: 0 | BM76: 0 | BN76: 0 | BO76: 0 | BP76: 0 | BQ76: 0 | BR76: 0 | BS76: 0 | BT76: 0 | BU76: 0 | BV76: 0 | BW76: 0 | BX76: 0 | BY76: 0 | BZ76: 0 | CA76: 0 | CB76: 0 | CC76: 0 | CD76: 0 | CE76: 0 | CF76: 0 | CG76: 0 | CH76: 0 | CI76: 1.0365239 | CJ76: 0.75825249 | CK76: 1.1553537 | CL76: 0.96812117 | CM76: 1.3168232 | CN76: 0.55020661 | CO76: 0.44778649 | CP76: 86.051913 | CQ76: 142.43711 | CR76: 0 | CS76: 0 | CT76: 0 | CU76: 2.5042551 | CV76: 154.2242 | CW76: 594.51863 | CX76: 1220.161 | CY76: 2133.2913 | CZ76: 3143.142 | DA76: 4411.9395 | DB76: 4559.7277 | DC76: 3678.1082 | DD76: 4289.1278 | DE76: 4856.0965 | DF76: 5484.4506 | DG76: 6180.7361 | DH76: 6916.0033 | DI76: 7612.122 | DK76: 4485 | DL76: 73.060509
A77: 69
A78: 117 | C78: Metalurgia de metais não-ferosos e a fundição de metais | D78: OI | E78: Metallurgy | F78: 2527.2827 | G78: 2372.3073 | H78: 1622.4365 | I78: 2177.9764 | J78: 2283.8436 | K78: 2314.0391 | L78: 2323.451 | M78: 2195.8931 | N78: 1757.0267 | O78: 0 | P78: 0 | Q78: 0 | R78: 0 | S78: 0 | T78: 0 | U78: 0 | V78: 0 | W78: 0 | X78: 774.62571 | Y78: 926.33543 | Z78: 962.41442 | AA78: 945.5595 | AB78: 705.94505 | AC78: 604.88256 | AD78: 416.04527 | AE78: 216.31287 | AF78: 44.284125 | AG78: 9.087378 | AH78: 11.139475 | AI78: 9.8709161 | AJ78: 9.9058639 | AK78: 5.540328 | AL78: 4.7471792 | AM78: 3.2651653 | AN78: 1.6976454 | AO78: 0.34754658 | AP78: 0 | AQ78: 0 | AR78: 0 | AS78: 0 | AT78: 0 | AU78: 0 | AV78: 0 | AW78: 0 | AX78: 0 | AY78: 0 | AZ78: 0 | BA78: 0 | BB78: 0 | BC78: 0 | BD78: 0 | BE78: 0 | BF78: 0 | BG78: 0 | BH78: 0 | BI78: 0 | BJ78: 0 | BK78: 0 | BL78: 0 | BM78: 0 | BN78: 0 | BO78: 0 | BP78: 0 | BQ78: 0 | BR78: 0 | BS78: 0 | BT78: 0 | BU78: 0 | BV78: 0 | BW78: 0 | BX78: 0 | BY78: 0 | BZ78: 0 | CA78: 0 | CB78: 0 | CC78: 0 | CD78: 0 | CE78: 0 | CF78: 0 | CG78: 0 | CH78: 0 | CI78: 3.3881327 | CJ78: 3.285519 | CK78: 6.1112036 | CL78: 3.9382229 | CM78: 4.3897504 | CN78: 4.5942874 | CO78: 5.2073548 | CP78: 109.66174 | CQ78: 552.8305 | CR78: 0 | CS78: 0 | CT78: 0 | CU78: 0.91838583 | CV78: 49.665293 | CW78: 116.86338 | CX78: 143.19362 | CY78: 115.58207 | CZ78: 31.535911 | DA78: 3314.384 | DB78: 3313.0678 | DC78: 2600.8331 | DD78: 3138.2984 | DE78: 3049.384 | DF78: 3045.1265 | DG78: 2891.1624 | DH78: 2639.1474 | DI78: 2386.0248
A79: 125
A80: 103 | C80: Nível Regional SS | D80: BL | E80: Buildings and services | F80: 0 | G80: 0 | H80: 0 | I80: 0 | J80: 0 | K80: 0 | L80: 0 | M80: 0 | N80: 0 | O80: 9123.6553 | P80: 11525.059 | Q80: 11075.582 | R80: 17119.113 | S80: 18789.819 | T80: 21180.979 | U80: 23872.24 | V80: 26758.645 | W80: 29914.219 | X80: 0 | Y80: 0 | Z80: 0 | AA80: 0 | AB80: 0 | AC80: 0 | AD80: 0 | AE80: 0 | AF80: 0 | AG80: 0 | AH80: 0 | AI80: 0 | AJ80: 0 | AK80: 0 | AL80: 0 | AM80: 0 | AN80: 0 | AO80: 0 | AP80: 0 | AQ80: 0 | AR80: 0 | AS80: 0 | AT80: 0 | AU80: 0 | AV80: 0 | AW80: 0 | AX80: 0 | AY80: 0 | AZ80: 0 | BA80: 0 | BB80: 0 | BC80: 0 | BD80: 0 | BE80: 0 | BF80: 0 | BG80: 0 | BH80: 0 | BI80: 0 | BJ80: 0 | BK80: 0 | BL80: 0 | BM80: 0 | BN80: 0 | BO80: 0 | BP80: 0 | BQ80: 0 | BR80: 0 | BS80: 0 | BT80: 0 | BU80: 0 | BV80: 0 | BW80: 0 | BX80: 0 | BY80: 0 | BZ80: 0 | CA80: 0 | CB80: 0 | CC80: 0 | CD80: 0 | CE80: 0 | CF80: 0 | CG80: 0 | CH80: 0 | CI80: 0 | CJ80: 0 | CK80: 0 | CL80: 0 | CM80: 0 | CN80: 0 | CO80: 0 | CP80: 0 | CQ80: 0 | CR80: 0 | CS80: 0 | CT80: 0 | CU80: 0 | CV80: 0 | CW80: 0 | CX80: 0 | CY80: 0 | CZ80: 0 | DA80: 9123.6553 | DB80: 11525.059 | DC80: 11075.582 | DD80: 17119.113 | DE80: 18789.819 | DF80: 21180.979 | DG80: 23872.24 | DH80: 26758.645 | DI80: 29914.219
A81: 111
A82: 243 | C82: Nível Nacional SS | D82: BL | E82: Buildings and services | F82: 1015.3185 | G82: 862.27664 | H82: 759.56234 | I82: 1012.2763 | J82: 1024.932 | K82: 998.11066 | L82: 929.73744 | M82: 286.0624 | N82: 155.78762 | O82: 53.407656 | P82: 47.523852 | Q82: 43.821647 | R82: 43.821647 | S82: 43.821647 | T82: 43.821647 | U82: 43.821647 | V82: 43.821647 | W82: 43.821647 | X82: 0 | Y82: 0 | Z82: 0 | AA82: 0 | AB82: 0 | AC82: 0 | AD82: 0 | AE82: 0 | AF82: 0 | AG82: 83.926629 | AH82: 90.382176 | AI82: 73.681132 | AJ82: 70.427675 | AK82: 71.019904 | AL82: 68.145299 | AM82: 65.344807 | AN82: 62.903358 | AO82: 60.509586 | AP82: 88.230327 | AQ82: 96.837723 | AR82: 77.774616 | AS82: 78.252888 | AT82: 74.757809 | AU82: 71.731889 | AV82: 68.783999 | AW82: 66.214057 | AX82: 63.694278 | AY82: 0 | AZ82: 0 | BA82: 0 | BB82: 0 | BC82: 0 | BD82: 0 | BE82: 0 | BF82: 0 | BG82: 0 | BH82: 0 | BI82: 0 | BJ82: 0 | BK82: 0 | BL82: 0 | BM82: 0 | BN82: 0 | BO82: 0 | BP82: 0 | BQ82: 0 | BR82: 0 | BS82: 0 | BT82: 0 | BU82: 0 | BV82: 0 | BW82: 0 | BX82: 0 | BY82: 0 | BZ82: 2.1565311 | CA82: 0.30516972 | CB82: 3.5622911 | CC82: 2.4182535 | CD82: 1.1905441 | CE82: 0 | CF82: 2.4332626 | CG82: 2.3952736 | CH82: 1.4429252 | CI82: 0.058023145 | CJ82: 0.071617873 | CK82: 0.08566174 | CL82: 0.041310749 | CM82: 0.041803623 | CN82: 0.039994313 | CO82: 0.090178317 | CP82: 641.27524 | CQ82: 447.10267 | CR82: 0 | CS82: 0 | CT82: 0 | CU82: 0 | CV82: 49.425937 | CW82: 164.54216 | CX82: 320.86125 | CY82: 413.2108 | CZ82: 823.3761 | DA82: 1243.0977 | DB82: 1097.3972 | DC82: 958.48769 | DD82: 1207.238 | DE82: 1265.1896 | DF82: 1346.3916 | DG82: 1431.0726 | DH82: 1515.8828 | DI82: 1595.7348
A83: 251
A84: 47 | C84: Nível Regional HH | D84: BL | E84: Buildings and services | F84: 6549.3629 | G84: 7159.1548 | H84: 7281.1108 | I84: 7509.7981 | J84: 6130.2563 | K84: 5385.1498 | L84: 3702.945 | M84: 1823.2016 | N84: 966.8756 | O84: 9288.9775 | P84: 11342.248 | Q84: 12770.917 | R84: 15099.255 | S84: 15369.907 | T84: 15518.415 | U84: 15691.372 | V84: 16300.479 | W84: 17027.804 | X84: 0 | Y84: 0 | Z84: 0 | AA84: 0 | AB84: 0 | AC84: 0 | AD84: 0 | AE84: 0 | AF84: 0 | AG84: 0 | AH84: 0 | AI84: 0 | AJ84: 0 | AK84: 0 | AL84: 0 | AM84: 0 | AN84: 0 | AO84: 0 | AP84: 1470.8841 | AQ84: 1249.6594 | AR84: 1079.744 | AS84: 963.64663 | AT84: 916.5316 | AU84: 1028.8233 | AV84: 989.90024 | AW84: 1176.6893 | AX84: 1176.6893 | AY84: 0 | AZ84: 0 | BA84: 0 | BB84: 0 | BC84: 0 | BD84: 0 | BE84: 0 | BF84: 0 | BG84: 0 | BH84: 0 | BI84: 0 | BJ84: 0 | BK84: 0 | BL84: 0 | BM84: 0 | BN84: 0 | BO84: 0 | BP84: 0 | BQ84: 0 | BR84: 0 | BS84: 0 | BT84: 0 | BU84: 0 | BV84: 0 | BW84: 0 | BX84: 0 | BY84: 0 | BZ84: 0 | CA84: 0 | CB84: 0 | CC84: 0 | CD84: 0 | CE84: 0 | CF84: 0 | CG84: 0 | CH84: 0 | CI84: 0 | CJ84: 0 | CK84: 0 | CL84: 0 | CM84: 0 | CN84: 0 | CO84: 0 | CP84: 451.85396 | CQ84: 53.798936 | CR84: 0 | CS84: 0 | CT84: 0 | CU84: 0.5707713 | CV84: 53.89698 | CW84: 745.14158 | CX84: 1691.922 | CY84: 3138.412 | CZ84: 5371.3657 | DA84: 17309.225 | DB84: 19751.062 | DC84: 21131.772 | DD84: 23573.27 | DE84: 22470.592 | DF84: 22677.529 | DG84: 22076.139 | DH84: 22890.636 | DI84: 24596.534
A85: 55
A86: 117 | C86: Energia elétrica, gás natural e outras utilidades | D86: ELECT | E86: Electricity | F86: 16737.272 | G86: 35382.678 | H86: 21555.726 | I86: 15617.96 | J86: 19066.172 | K86: 10499.975 | L86: 5240.1327 | M86: 2111.0212 | N86: 1192.3032 | O86: 0 | P86: 0 | Q86: 0 | R86: 0 | S86: 0 | T86: 0 | U86: 0 | V86: 0 | W86: 0 | X86: 1725.8858 | Y86: 2091.9162 | Z86: 1842.3353 | AA86: 3552.5319 | AB86: 580.53504 | AC86: 1232.3803 | AD86: 596.19374 | AE86: 444.25867 | AF86: 425.54958 | AG86: 0 | AH86: 0 | AI86: 0 | AJ86: 0 | AK86: 0 | AL86: 0 | AM86: 0 | AN86: 0 | AO86: 0 | AP86: 6910.37 | AQ86: 10446.801 | AR86: 11343.806 | AS86: 15280.268 | AT86: 6956.3216 | AU86: 4025.9644 | AV86: 3656.6687 | AW86: 4053.5908 | AX86: 1984.7085 | AY86: 210.8576 | AZ86: 479.34931 | BA86: 492.83914 | BB86: 713.6434 | BC86: 846.74302 | BD86: 860.59054 | BE86: 3310.2364 | BF86: 14585.555 | BG86: 31172.036 | BH86: 0 | BI86: 0 | BJ86: 0 | BK86: 0 | BL86: 0 | BM86: 0 | BN86: 0 | BO86: 0 | BP86: 0 | BQ86: 1250.0307 | BR86: 1268.318 | BS86: 1209.7127 | BT86: 1318.9772 | BU86: 1318.9772 | BV86: 1318.9772 | BW86: 1318.9772 | BX86: 1318.9772 | BY86: 1318.9772 | BZ86: 88.911865 | CA86: 413.70436 | CB86: 576.20143 | CC86: 304.01261 | CD86: 304.87992 | CE86: 212.21541 | CF86: 222.44046 | CG86: 37.969606 | CH86: 37.102304 | CI86: 4.2661637 | CJ86: 5.251411 | CK86: 7.2828695 | CL86: 3.232573 | CM86: 3.2061364 | CN86: 16.66944 | CO86: 4.0706642 | CP86: 9.4164133 | CQ86: 334.75879 | CR86: 0 | CS86: 0 | CT86: 0 | CU86: 12.513129 | CV86: 1068.1205 | CW86: 1781.9397 | CX86: 1987.1396 | CY86: 1648.7175 | CZ86: 1803.885 | DA86: 26927.594 | DB86: 50088.018 | DC86: 37027.903 | DD86: 36803.139 | DE86: 30144.955 | DF86: 19948.712 | DG86: 16335.859 | DH86: 24209.506 | DI86: 38269.32
A87: 125
A88: 215 | B88: 19 | C88: Fabricação de biocombustíveis | D88: BIO | E88: Biofuels | F88: 0 | G88: 0 | H88: 0 | I88: 0 | J88: 0 | K88: 0 | L88: 0 | M88: 0 | N88: 0 | O88: 2191.6775 | P88: 3453.6698 | Q88: 4908.6528 | R88: 7339.6911 | S88: 7909.2833 | T88: 7520.517 | U88: 5389.2729 | V88: 5549.2734 | W88: 7806.2307 | X88: 0 | Y88: 0 | Z88: 0 | AA88: 0 | AB88: 0 | AC88: 0 | AD88: 0 | AE88: 0 | AF88: 0 | AG88: 0 | AH88: 0 | AI88: 0 | AJ88: 0 | AK88: 0 | AL88: 0 | AM88: 0 | AN88: 0 | AO88: 0 | AP88: 0 | AQ88: 0 | AR88: 0 | AS88: 0 | AT88: 0 | AU88: 0 | AV88: 5770.3672 | AW88: 34682.948 | AX88: 80436.884 | AY88: 20372.435 | AZ88: 23504.338 | BA88: 23445.108 | BB88: 31994.195 | BC88: 39127.172 | BD88: 43942.69 | BE88: 39210.569 | BF88: 29600.703 | BG88: 20012.819 | BH88: 2191.6775 | BI88: 3453.6698 | BJ88: 4908.6528 | BK88: 7339.6911 | BL88: 7909.2833 | BM88: 7520.517 | BN88: 5389.2729 | BO88: 5549.2734 | BP88: 7806.2307 | BQ88: 0 | BR88: 0 | BS88: 0 | BT88: 0 | BU88: 0 | BV88: 0 | BW88: 0 | BX88: 0 | BY88: 0 | BZ88: 0 | CA88: 0 | CB88: 0 | CC88: 0 | CD88: 0 | CE88: 0 | CF88: 0 | CG88: 0 | CH88: 0 | CI88: 0 | CJ88: 0 | CK88: 0 | CL88: 0 | CM88: 0 | CN88: 0 | CO88: 0 | CP88: 0 | CQ88: 0 | CR88: 0 | CS88: 0 | CT88: 0 | CU88: 0 | CV88: 0 | CW88: 0 | CX88: 0 | CY88: 0 | CZ88: 0 | DA88: 24755.79 | DB88: 30411.677 | DC88: 33262.414 | DD88: 46673.578 | DE88: 54945.738 | DF88: 58983.724 | DG88: 55759.482 | DH88: 75382.198 | DI88: 116062.16
A89: 223 | B89: 27
O90: 1.1577663e+12 | BH90: INDIRETO("Brasil_IND_CO!$A"&$A85&":$K"&$A86)

Sheet EMISSÕES_MSG
A1: No. Atividades | C1: Classes e atividades MESSAGE | E1: Total
E2: 2010 | F2: =E2+5 -> 2015 | G2: =F2+5 -> 2020 | H2: =G2+5 -> 2025 | I2: =H2+5 -> 2030 | J2: =I2+5 -> 2035 | K2: =J2+5 -> 2040 | L2: =K2+5 -> 2045 | M2: =L2+5 -> 2050
E3: (Milhões t CO2 )
A4: 1 | B4: Agricultura, silvicultura, exploração florestal | C4: AGR | D4: Agriculture | E4: 4.2292807 | F4: 4.0344523 | G4: 3.6570762 | H4: 5.2258539 | I4: 6.0074695 | J4: 6.5098251 | K4: 6.6640698 | L4: 6.6314867 | M4: 4.0829655
A5: =A4+1 -> 2 | B5: Pecuária, inclusive o apoio à pecuária | C5: AGR | D5: Agriculture | E5: 4.2292807 | F5: 4.0344523 | G5: 3.6570762 | H5: 5.2258539 | I5: 6.0074695 | J5: 6.5098251 | K5: 6.6640698 | L5: 6.6314867 | M5: 4.0829655
A6: =A5+1 -> 3 | B6: Produção florestal; pesca e aquicultura | C6: AGR | D6: Agriculture | E6: 4.2292807 | F6: 4.0344523 | G6: 3.6570762 | H6: 5.2258539 | I6: 6.0074695 | J6: 6.5098251 | K6: 6.6640698 | L6: 6.6314867 | M6: 4.0829655
A7: =A6+1 -> 4 | B7: Extração de carvão mineral e de minerais não-metálicos | C7: OI | D7: Mining | E7: 6.525849 | F7: 6.582165 | G7: 3.323268 | H7: 3.850897 | I7: 4.48089 | J7: 5.479414 | K7: 5.598395 | L7: 6.46287 | M7: 7.225601
A8: =A7+1 -> 5 | B8: Extração de petróleo e gás, inclusive as atividades de apoio | C8: OIL | D8: Oil and Gas | E8: 2.982675 | F8: 5.246551 | G8: 4.181927 | H8: 3.86012 | I8: 4.237379 | J8: 3.280915 | K8: 2.690153 | L8: 2.308818 | M8: 2.1543
A9: =A8+1 -> 6 | B9: Extração de minério de ferro, inclusive beneficiamentos e a aglomeração | C9: OI | D9: Mining | E9: 6.525849 | F9: 6.582165 | G9: 3.323268 | H9: 3.850897 | I9: 4.48089 | J9: 5.479414 | K9: 5.598395 | L9: 6.46287 | M9: 7.225601
A10: =A9+1 -> 7 | B10: Extração de minerais metálicos não-ferrosos, inclusive beneficiamentos | C10: OI | D10: Mining | E10: 6.525849 | F10: 6.582165 | G10: 3.323268 | H10: 3.850897 | I10: 4.48089 | J10: 5.479414 | K10: 5.598395 | L10: 6.46287 | M10: 7.225601
A11: =A10+1 -> 8 | B11: Abate e produtos de carne, inclusive os produtos do laticínio e da pesca | C11: FB | D11: Food and Beverage | E11: 3.588121 | F11: 3.867969 | G11: 3.714738 | H11: 2.989682 | I11: 2.577953 | J11: 2.426176 | K11: 2.778104 | L11: 2.626163 | M11: 2.806064
A12: =A11+1 -> 9 | B12: Fabricação e refino de açúcar | C12: FB | D12: Food and Beverage | E12: 3.588121 | F12: 3.867969 | G12: 3.714738 | H12: 2.989682 | I12: 2.577953 | J12: 2.426176 | K12: 2.778104 | L12: 2.626163 | M12: 2.806064
A13: =A12+1 -> 10 | B13: Outros produtos alimentares | C13: FB | D13: Food and Beverage | E13: 3.588121 | F13: 3.867969 | G13: 3.714738 | H13: 2.989682 | I13: 2.577953 | J13: 2.426176 | K13: 2.778104 | L13: 2.626163 | M13: 2.806064
A14: =A13+1 -> 11 | B14: Fabricação de bebidas | C14: FB | D14: Food and Beverage | E14: 3.588121 | F14: 3.867969 | G14: 3.714738 | H14: 2.989682 | I14: 2.577953 | J14: 2.426176 | K14: 2.778104 | L14: 2.626163 | M14: 2.806064
A15: =A14+1 -> 12 | B15: Fabricação de produtos do fumo | C15: FB | D15: Food and Beverage | E15: 3.588121 | F15: 3.867969 | G15: 3.714738 | H15: 2.989682 | I15: 2.577953 | J15: 2.426176 | K15: 2.778104 | L15: 2.626163 | M15: 2.806064
A16: =A15+1 -> 13 | B16: Fabricação de produtos têxteis | C16: TX | D16: Textile | E16: 0.986239 | F16: 0.671702 | G16: 0.512465 | H16: 0.586137 | I16: 0.514305 | J16: 0.508914 | K16: 0.500251 | L16: 0.489957 | M16: 0.477212
... A69: =A68+1 -> 66 | B69: Organizações associativas e outros serviços pessoais | C69: BL | D69: Buildings and services | E69: 2.6566392 | F69: 2.2679167 | G69: 2.0094867 | H69: 2.7048414 | I69: 2.6938304 | J69: 2.8883715 | K69: 3.1084377 | L69: 1.6733909 | M69: 2.3200997
B71: Cimento | C71: CE | D71: Cement | E71: =VLOOKUP(E$2,#REF!,12,) -> #REF! | F71: =VLOOKUP(F$2,#REF!,12,) -> #REF! | G71: =VLOOKUP(G$2,#REF!,12,) -> #REF! | H71: =VLOOKUP(H$2,#REF!,12,) -> #REF! | I71: =VLOOKUP(I$2,#REF!,12,) -> #REF! | J71: =VLOOKUP(J$2,#REF!,12,) -> #REF! | K71: =VLOOKUP(K$2,#REF!,12,) -> #REF! | L71: =VLOOKUP(L$2,#REF!,12,) -> #REF! | M71: =VLOOKUP(M$2,#REF!,12,) -> #REF!
B72: Outros produtos de minerais não-metálicos | C72: CR | D72: Ceramics | E72: =VLOOKUP(E$2,#REF!,12,) -> #REF! | F72: =VLOOKUP(F$2,#REF!,12,) -> #REF! | G72: =VLOOKUP(G$2,#REF!,12,) -> #REF! | H72: =VLOOKUP(H$2,#REF!,12,) -> #REF! | I72: =VLOOKUP(I$2,#REF!,12,) -> #REF! | J72: =VLOOKUP(J$2,#REF!,12,) -> #REF! | K72: =VLOOKUP(K$2,#REF!,12,) -> #REF! | L72: =VLOOKUP(L$2,#REF!,12,) -> #REF! | M72: =VLOOKUP(M$2,#REF!,12,) -> #REF!
